date,tmin_c,tmax_c,tmean_c,pressure_hpa,weather_code,cloud_cover_pct,humidity_pct,wind_dir_deg,wind_speed_kmh,weather_label,,mine 
29-09-2025,23.2,30.1,26.3,970.4,51,50,85,158,8.8,Light drizzle,,Bharveli mine
30-09-2025,23,31.1,26.4,969.8,61,81,85,35,8.5,Slight rain,,Bharveli mine
01-10-2025,22.8,31.1,25.9,969.5,63,81,87,336,15.3,Moderate rain,,Bharveli mine
02-10-2025,23.4,30.5,26.1,970.8,63,87,87,351,13.9,Moderate rain,,Bharveli mine
03-10-2025,23.9,28.1,25.7,972.3,53,100,89,339,15.1,Moderate drizzle,,Bharveli mine
04-10-2025,24.2,31,26.3,973.2,53,98,88,307,13.9,Moderate drizzle,,Bharveli mine
05-10-2025,23.2,29.9,25.4,974.4,63,99,92,301,15.5,Moderate rain,,Bharveli mine
06-10-2025,23.3,29,25.7,975.3,61,76,87,305,7.1,Slight rain,,Bharveli mine
07-10-2025,21.4,30.3,25.6,975.5,63,40,84,327,11.9,Moderate rain,,Bharveli mine
08-10-2025,22.3,30.5,26.1,975.7,3,42,77,343,11,Overcast,,Bharveli mine
09-10-2025,22.6,30.4,26.1,976.6,51,26,77,357,12.7,Light drizzle,,Bharveli mine
10-10-2025,21.7,28.8,24.6,976,51,34,82,9,11.8,Light drizzle,,Bharveli mine
11-10-2025,21.5,29,24.8,975.9,51,18,78,14,9.7,Light drizzle,,Bharveli mine
12-10-2025,19.8,29.2,24.5,975.8,51,11,79,9,9.5,Light drizzle,,Bharveli mine
13-10-2025,20.7,29.2,24.8,976.3,51,16,82,4,9.3,Light drizzle,,Bharveli mine
14-10-2025,21,30.5,25.5,975.3,51,17,78,89,10.6,Light drizzle,,Bharveli mine
15-10-2025,21.7,30.9,25.9,975.2,51,7,76,62,12.3,Light drizzle,,Bharveli mine
16-10-2025,20.9,30.3,25.3,975.8,51,15,81,20,7.8,Light drizzle,,Bharveli mine
17-10-2025,20.7,30.6,25.6,977.1,1,8,76,346,8.4,Mainly clear,,Bharveli mine
18-10-2025,20.7,31.2,25.2,976.2,51,6,71,2,10.3,Light drizzle,,Bharveli mine
19-10-2025,18.4,31.3,24.4,975.3,0,3,68,359,10.6,Clear sky,,Bharveli mine
20-10-2025,18,30.4,24.3,975.5,51,15,79,45,11.4,Light drizzle,,Bharveli mine
21-10-2025,22.4,31.5,26,976.4,51,32,78,69,13.3,Light drizzle,,Bharveli mine
22-10-2025,22.1,31.7,26.5,976.7,2,8,71,69,9,Partly cloudy,,Bharveli mine
23-10-2025,20.8,32.1,26.4,976,51,8,67,70,8.9,Light drizzle,,Bharveli mine
24-10-2025,21.6,31.9,26.5,975.9,3,13,68,87,8.1,Overcast,,Bharveli mine
25-10-2025,22.8,27.3,24.8,975.9,61,97,84,29,10.5,Slight rain,,Bharveli mine
26-10-2025,21.9,27.8,23.8,976.1,63,89,90,21,9.8,Moderate rain,,Bharveli mine
27-10-2025,21.4,30.7,25.6,975.4,3,64,77,103,15.7,Overcast,,Bharveli mine
28-10-2025,23.5,29,25.8,974.3,51,96,78,49,14.3,Light drizzle,,Bharveli mine
29-10-2025,24.3,29.7,26.5,971.6,55,100,77,57,19.2,Dense drizzle,,Bharveli mine
30-10-2025,22.9,25.8,24.1,971.2,63,92,91,104,18.3,Moderate rain,,Bharveli mine
31-10-2025,22.4,29,24.5,974.6,63,82,90,282,18.4,Moderate rain,,Bharveli mine
01-11-2025,22,30,25.4,976,51,28,83,337,9.9,Light drizzle,,Bharveli mine
02-11-2025,22,29.5,25.5,976.3,51,18,81,334,11.6,Light drizzle,,Bharveli mine
03-11-2025,21.4,30.3,25.5,975.6,51,9,75,348,10.7,Light drizzle,,Bharveli mine
04-11-2025,19.4,29.8,24.4,975.3,3,31,76,317,9.1,Overcast,,Bharveli mine
05-11-2025,20.6,29.1,24.5,974.8,3,44,75,344,10.7,Overcast,,Bharveli mine
06-11-2025,20.6,29.7,24.6,976.3,3,15,67,346,13.7,Overcast,,Bharveli mine
07-11-2025,18,29,22.8,978.1,0,0,58,350,11.9,Clear sky,,Bharveli mine
08-11-2025,15.5,27.6,21.1,979.1,0,0,58,356,11.1,Clear sky,,Bharveli mine
09-11-2025,13.3,26.6,19.5,978.2,0,0,57,354,10.9,Clear sky,,Bharveli mine
10-11-2025,11.4,27.1,18.8,978,0,0,60,351,9.6,Clear sky,,Bharveli mine
11-11-2025,11.9,27.1,18.9,978.7,0,0,58,353,10.9,Clear sky,,Bharveli mine
12-11-2025,11.7,27.7,19.4,979.6,0,0,59,353,11.1,Clear sky,,Bharveli mine
13-11-2025,12.9,28,19.6,980.5,0,0,57,356,11.8,Clear sky,,Bharveli mine
14-11-2025,11.5,27.9,19.2,980.2,0,0,59,356,10,Clear sky,,Bharveli mine
15-11-2025,12.2,27.4,19.2,981.1,0,0,60,349,11.4,Clear sky,,Bharveli mine
16-11-2025,12.4,26.7,19,982.2,0,0,55,342,11.9,Clear sky,,Bharveli mine
17-11-2025,12.3,25.9,18.7,981.8,0,0,59,340,10.1,Clear sky,,Bharveli mine
18-11-2025,11.9,25.8,18.5,979.8,0,0,63,345,8.4,Clear sky,,Bharveli mine
19-11-2025,11.6,26.5,18.7,979.6,0,0,67,348,8,Clear sky,,Bharveli mine
20-11-2025,12.9,27.4,19.6,980.4,0,0,68,339,9.6,Clear sky,,Bharveli mine
21-11-2025,14.2,28.2,20.6,981.5,0,0,65,349,9,Clear sky,,Bharveli mine
22-11-2025,14,28.4,21,980.4,3,9,60,337,8.5,Overcast,,Bharveli mine
23-11-2025,15.2,28.6,21.2,980.2,3,48,57,349,11.3,Overcast,,Bharveli mine
24-11-2025,16.4,28.7,21.9,980.7,3,21,63,347,11.4,Overcast,,Bharveli mine
25-11-2025,16.1,28.1,21.8,980.5,1,4,71,341,11.8,Mainly clear,,Bharveli mine
26-11-2025,17,28.1,21.7,980.9,1,7,71,349,9.8,Mainly clear,,Bharveli mine
27-11-2025,15.9,28.4,21.2,981.3,0,0,64,360,14.3,Clear sky,,Bharveli mine
28-11-2025,11.8,25.9,18.3,980.1,2,5,59,341,10,Partly cloudy,,Bharveli mine
29-11-2025,11.4,26.3,18.3,979,3,71,65,338,9,Overcast,,Bharveli mine
30-11-2025,12,26.3,18.9,978.5,3,80,63,339,10.9,Overcast,,Bharveli mine
01-12-2025,13.8,26.9,19.7,978.4,3,56,65,335,9,Overcast,,Bharveli mine
02-12-2025,13.9,27.5,19.4,978.5,2,10,66,350,10.5,Partly cloudy,,Bharveli mine
03-12-2025,12.8,27.1,19,980.3,0,1,67,345,10.7,Clear sky,,Bharveli mine
04-12-2025,12.4,27.1,18.9,981.6,0,0,61,349,11.8,Clear sky,,Bharveli mine
05-12-2025,12.2,26.6,18.7,982.8,3,35,60,354,12.1,Overcast,,Bharveli mine
06-12-2025,11.3,25.7,17.7,982.7,3,84,51,344,12.9,Overcast,,Bharveli mine
07-12-2025,10.2,28,18.3,982.3,3,95,51,353,11.9,Overcast,,Bharveli mine
08-12-2025,10.9,28.6,18.6,981.8,3,14,49,356,11.9,Overcast,,Bharveli mine
09-12-2025,11,28.3,18.7,981.4,1,1,49,357,13.5,Mainly clear,,Bharveli mine
10-12-2025,11.4,27.3,18.6,981.9,0,0,44,358,13.3,Clear sky,,Bharveli mine
11-12-2025,10,27,18.1,980.7,0,0,53,347,11.7,Clear sky,,Bharveli mine
12-12-2025,10.5,27,18.1,979.6,0,0,54,348,10.9,Clear sky,,Bharveli mine
13-12-2025,10.5,26.8,18.3,979.9,0,0,53,349,11.7,Clear sky,,Bharveli mine
14-12-2025,10.8,25.9,18.2,980.5,0,0,55,348,10.4,Clear sky,,Bharveli mine
15-12-2025,11.2,25.6,18.1,981,0,0,62,351,9.7,Clear sky,,Bharveli mine
16-12-2025,11.1,25.9,18,980.8,0,0,62,349,11.5,Clear sky,,Bharveli mine
17-12-2025,10.1,28,18.2,981.5,0,0,58,351,12.4,Clear sky,,Bharveli mine
18-12-2025,11,27.1,18.6,981.3,0,0,56,354,15.9,Clear sky,,Bharveli mine
19-12-2025,10.3,25.3,17.3,979.5,0,0,65,348,14.2,Clear sky,,Bharveli mine
20-12-2025,10.2,26.4,17.4,978.4,0,0,62,351,14,Clear sky,,Bharveli mine
21-12-2025,9.4,26.3,17.2,979.5,3,68,57,350,13.3,Overcast,,Bharveli mine
22-12-2025,10.9,26.7,18.2,979.4,3,47,59,350,14.9,Overcast,,Bharveli mine
23-12-2025,11.1,27.4,18.5,978.9,3,9,56,358,12.6,Overcast,,Bharveli mine
24-12-2025,11.2,27,18.9,979.1,3,40,57,358,13.4,Overcast,,Bharveli mine
25-12-2025,11.8,26.2,18.4,979.6,2,10,57,354,9.2,Partly cloudy,,Bharveli mine
26-12-2025,10.8,25.9,18,979.6,0,0,58,352,11.6,Clear sky,,Bharveli mine
27-12-2025,10.1,25.6,17.4,979.8,0,0,53,355,11,Clear sky,,Bharveli mine
28-12-2025,8.9,26,17,980.3,0,0,51,351,10.3,Clear sky,,Bharveli mine
29-12-2025,9.5,26.4,17,979.9,0,0,55,345,10.3,Clear sky,,Bharveli mine
30-12-2025,9.1,26.7,17.4,978.5,2,15,51,343,10.3,Partly cloudy,,Bharveli mine
31-12-2025,12.2,26.7,18.8,976.7,2,3,43,351,6.7,Partly cloudy,,Bharveli mine
01-01-2026,11.3,26.7,18.9,977.3,0,2,48,31,9.4,Clear sky,,Bharveli mine
02-01-2026,12.4,27.2,19.5,979.3,3,31,58,347,8.9,Overcast,,Bharveli mine
03-01-2026,13.7,26.9,19.8,980.3,3,18,63,352,12.6,Overcast,,Bharveli mine
04-01-2026,14.1,26.3,19.6,981.5,2,7,67,353,15.2,Partly cloudy,,Bharveli mine
05-01-2026,12.1,24.7,17.6,982.9,0,0,55,348,14.4,Clear sky,,Bharveli mine
06-01-2026,8.5,25.5,16.2,982.7,0,0,52,354,10.3,Clear sky,,Bharveli mine
07-01-2026,9.6,26.6,17.5,983.2,1,6,50,1,12.5,Mainly clear,,Bharveli mine
08-01-2026,11.3,26.2,18.4,983.3,0,0,52,349,14.6,Clear sky,,Bharveli mine
09-01-2026,11.4,26.7,18.3,982.8,3,66,54,9,11.8,Overcast,,Bharveli mine
10-01-2026,9.5,26.9,17.6,982,3,19,52,352,8.1,Overcast,,Bharveli mine
11-01-2026,10.4,26.8,18.2,983.3,0,0,55,356,9.6,Clear sky,,Bharveli mine
12-01-2026,12.2,26.9,18.7,983.7,0,0,51,5,7.5,Clear sky,,Bharveli mine
13-01-2026,12.2,27.1,19,982.7,0,0,51,355,13.6,Clear sky,,Bharveli mine
14-01-2026,11.4,27.2,19.2,980.1,2,11,56,20,14.3,Partly cloudy,,Bharveli mine
15-01-2026,12.6,27,19.3,979.9,0,0,52,355,12.9,Clear sky,,Bharveli mine
16-01-2026,10.2,27.5,18.2,979.7,1,2,48,351,10.7,Mainly clear,,Bharveli mine
17-01-2026,10.8,29,19.3,978.1,3,5,44,347,8.3,Overcast,,Bharveli mine
18-01-2026,13.1,29,20.7,976.4,1,4,38,41,9.7,Mainly clear,,Bharveli mine
19-01-2026,15,29,21.4,977.7,0,0,40,219,9.3,Clear sky,,Bharveli mine
20-01-2026,15.8,29.2,21.4,978.7,3,22,47,350,11.4,Overcast,,Bharveli mine
21-01-2026,14.3,27.9,21,980.3,1,8,50,347,10.6,Mainly clear,,Bharveli mine
22-01-2026,14,28,20.7,980.6,1,6,45,359,12.3,Mainly clear,,Bharveli mine
23-01-2026,15.6,28.8,21.6,981,2,8,40,149,11.8,Partly cloudy,,Bharveli mine
24-01-2026,15.7,28.1,21.3,982.3,1,10,46,116,10.2,Mainly clear,,Bharveli mine
25-01-2026,13.1,28.4,20.9,981.1,1,9,49,343,11.5,Mainly clear,,Bharveli mine
26-01-2026,13.9,28.8,21.3,982.1,1,8,44,65,11.3,Mainly clear,,Bharveli mine
27-01-2026,15.7,29.4,22.1,982.2,0,0,46,140,9.2,Clear sky,,Bharveli mine
28-01-2026,16.4,27.8,22.2,981.2,1,12,54,355,13,Mainly clear,,Bharveli mine
29-01-2026,16.6,27.8,21.6,981.5,3,37,65,351,14.9,Overcast,,Bharveli mine
30-01-2026,14.4,28.6,20.9,981.7,3,86,57,355,11.6,Overcast,,Bharveli mine
31-01-2026,14.1,30.6,21.5,981.7,3,98,45,341,15.9,Overcast,,Bharveli mine
01-02-2026,15.2,29.9,22.1,981.6,3,83,47,331,11.4,Overcast,,Bharveli mine
02-02-2026,15.7,29.9,22.5,981.6,3,27,46,330,12.3,Overcast,,Bharveli mine
03-02-2026,15.4,29.9,22.5,982,3,12,47,8,12.2,Overcast,,Bharveli mine
04-02-2026,16.5,29.3,22.4,982.6,1,7,48,342,11.6,Mainly clear,,Bharveli mine
05-02-2026,15.6,29.4,22.2,982.7,0,3,51,346,12.4,Clear sky,,Bharveli mine
06-02-2026,15.7,29.7,22.2,982.6,0,0,47,351,16.5,Clear sky,,Bharveli mine
07-02-2026,15.2,29,21.8,981.3,0,0,40,355,16.6,Clear sky,,Bharveli mine
08-02-2026,13.6,29,21.4,979.9,0,0,38,354,12.1,Clear sky,,Bharveli mine
09-02-2026,13.4,29.2,21.3,979.2,0,0,43,1,9.1,Clear sky,,Bharveli mine
10-02-2026,13.4,30.7,22,979.8,0,1,40,356,10.6,Clear sky,,Bharveli mine
11-02-2026,15.8,31.8,23.1,981.4,1,1,39,344,17,Mainly clear,,Bharveli mine
12-02-2026,16.7,31,23.5,980.9,0,2,41,348,8.8,Clear sky,,Bharveli mine
13-02-2026,15.2,30.8,23.3,979.6,3,69,44,349,10.7,Overcast,,Bharveli mine
14-02-2026,16.5,31.9,24.1,978.4,3,14,44,355,12.4,Overcast,,Bharveli mine
15-02-2026,16.9,31.6,24.2,978.5,1,7,39,353,15.8,Mainly clear,,Bharveli mine
16-02-2026,16.2,31.7,23.8,977.9,0,0,30,344,13.7,Clear sky,,Bharveli mine
17-02-2026,15.2,32.3,23.7,977.9,0,0,34,338,16.2,Clear sky,,Bharveli mine
18-02-2026,16.8,31.3,24,977.7,3,16,35,60,11.8,Overcast,,Bharveli mine
19-02-2026,15.4,31.6,23.5,978.9,0,0,41,328,13.7,Clear sky,,Bharveli mine
20-02-2026,16.6,32.6,24.5,979.9,0,1,38,346,12.3,Clear sky,,Bharveli mine
21-02-2026,17,32.7,24.7,977.2,2,11,42,341,18.7,Partly cloudy,,Bharveli mine
22-02-2026,16.9,33.3,25.2,974.6,2,17,45,316,11.7,Partly cloudy,,Bharveli mine
23-02-2026,18.1,30.6,24.1,974.6,3,27,47,98,16.2,Overcast,,Bharveli mine
24-02-2026,17.6,31.5,24.3,976.1,3,34,40,341,16.2,Overcast,,Bharveli mine
25-02-2026,16.9,31.6,24.3,977.1,3,21,38,333,14.2,Overcast,,Bharveli mine
26-02-2026,16,33.8,24.5,975.9,2,12,34,348,23.9,Partly cloudy,,Bharveli mine
27-02-2026,17.2,33.3,25.3,973.9,3,24,35,281,10.1,Overcast,,Bharveli mine
28-02-2026,19.7,33.4,26.8,973.1,3,44,38,221,12.5,Overcast,,Bharveli mine
01-03-2026,21.6,35.1,27.8,973.8,1,8,36,324,19.9,Mainly clear,,Bharveli mine
02-03-2026,19.8,34.2,27,976.5,0,0,33,347,15.4,Clear sky,,Bharveli mine
03-03-2026,17.3,34.5,26.6,977.4,0,0,32,351,16.3,Clear sky,,Bharveli mine
04-03-2026,18.9,36.1,27.6,977.7,0,0,28,346,20,Clear sky,,Bharveli mine
05-03-2026,19.9,36.4,27.7,975.9,0,0,27,349,17.5,Clear sky,,Bharveli mine
06-03-2026,22.2,36.8,28.7,974.9,0,0,27,351,19.1,Clear sky,,Bharveli mine
07-03-2026,19.5,36.3,28.3,975.6,0,0,31,344,18.3,Clear sky,,Bharveli mine
08-03-2026,20.2,37.5,28.8,976.3,0,0,34,346,16.6,Clear sky,,Bharveli mine
09-03-2026,20.4,38.3,29.4,976.8,0,0,28,357,17.7,Clear sky,,Bharveli mine
10-03-2026,21.9,38.2,29.5,978,0,0,28,345,19.8,Clear sky,,Bharveli mine
11-03-2026,20.8,37.5,29.3,977.4,0,0,25,342,18,Clear sky,,Bharveli mine
12-03-2026,20.5,37.8,28.6,975,0,0,24,341,9,Clear sky,,Bharveli mine
13-03-2026,21,37.8,29.2,973.8,0,0,20,29,15.1,Clear sky,,Bharveli mine
14-03-2026,22,38.1,29.6,974.4,0,0,21,210,15.4,Clear sky,,Bharveli mine
15-03-2026,23.3,37.4,29.8,975,2,11,28,192,14.3,Partly cloudy,,Bharveli mine
16-03-2026,22.7,36.4,29.2,973.9,3,38,32,201,11.8,Overcast,,Bharveli mine
17-03-2026,23.8,36,29.3,974.1,2,26,32,179,16,Partly cloudy,,Bharveli mine
18-03-2026,22.8,33.4,28.2,976.3,3,94,36,180,16.2,Overcast,,Bharveli mine
19-03-2026,20.5,34.2,27,976.8,3,45,41,185,17.6,Overcast,,Bharveli mine
20-03-2026,20.4,32,24.7,975.4,51,67,46,331,17.1,Light drizzle,,Bharveli mine
21-03-2026,19.3,31.9,25.3,976.5,3,18,37,348,16.1,Overcast,,Bharveli mine
22-03-2026,19.2,32.8,26.1,977.3,3,38,29,3,19,Overcast,,Bharveli mine
23-03-2026,19.4,34.6,27.4,976.4,3,23,34,25,8.9,Overcast,,Bharveli mine
24-03-2026,21.4,35.2,28.6,974.6,3,26,30,244,11.6,Overcast,,Bharveli mine
25-03-2026,21,35.9,29,974.7,3,22,34,1,13.6,Overcast,,Bharveli mine
26-03-2026,21.6,36.9,29.8,976,2,13,32,344,14.5,Partly cloudy,,Bharveli mine
27-03-2026,23.8,38.8,31.1,973.1,3,27,26,268,20.4,Overcast,,Bharveli mine
28-03-2026,22.9,38.6,30.5,971.2,3,19,27,307,16.7,Overcast,,Bharveli mine
29-03-2026,23.1,39.1,31.2,971.9,0,3,27,284,17.8,Clear sky,,Bharveli mine
30-03-2026,23.8,38.5,31.6,972.9,51,26,32,323,16.6,Light drizzle,,Bharveli mine
31-03-2026,22,34.7,28.7,975.7,55,52,45,189,17.1,Dense drizzle,,Bharveli mine
01-04-2026,24.1,36.6,29.8,975,3,26,37,181,10.7,Overcast,,Bharveli mine
02-04-2026,23.6,34.6,28.5,975.9,3,66,44,199,12.1,Overcast,,Bharveli mine
03-04-2026,24.4,36.1,29.4,975.3,3,53,45,343,19,Overcast,,Bharveli mine
04-04-2026,21.7,33.8,28.4,974.7,3,94,47,327,14.2,Overcast,,Bharveli mine
05-04-2026,23,34.1,28.3,973.9,3,29,43,292,15.8,Overcast,,Bharveli mine
06-04-2026,22.6,35.2,28.5,973.5,2,15,36,327,12.2,Partly cloudy,,Bharveli mine
07-04-2026,20.5,35.5,28,973.4,1,6,36,291,17.1,Mainly clear,,Bharveli mine
08-04-2026,20.8,34.7,28.2,973.1,2,19,38,318,24.3,Partly cloudy,,Bharveli mine
09-04-2026,22.1,34.6,28.4,975.2,3,18,41,339,15,Overcast,,Bharveli mine
10-04-2026,22,35.5,28.8,977,0,0,30,354,14.6,Clear sky,,Bharveli mine
11-04-2026,20.4,36.3,28.1,976.2,0,0,27,358,14.3,Clear sky,,Bharveli mine
12-04-2026,19,38.1,29.2,972.9,0,0,30,221,11.8,Clear sky,,Bharveli mine
13-04-2026,22.9,38.6,30.8,973.4,0,0,30,355,13.2,Clear sky,,Bharveli mine
14-04-2026,23.6,39.1,31.5,973.3,0,1,30,9,12.3,Clear sky,,Bharveli mine
15-04-2026,24.9,40.9,32.1,970.7,0,0,26,291,17.2,Clear sky,,Bharveli mine
16-04-2026,23.5,40.2,32.4,970.9,1,6,26,201,15.3,Mainly clear,,Bharveli mine
17-04-2026,23.6,40.7,32.5,972.3,3,56,27,160,11.8,Overcast,,Bharveli mine
18-04-2026,24.6,41.2,32.7,972.1,3,88,27,342,11.2,Overcast,,Bharveli mine
19-04-2026,26.6,40.6,33.5,971.7,3,28,22,21,15.1,Overcast,,Bharveli mine
20-04-2026,27,41.1,33,972.1,3,79,26,11,19.4,Overcast,,Bharveli mine
21-04-2026,26.2,40.6,33.1,971.8,3,41,26,277,13.9,Overcast,,Bharveli mine
22-04-2026,25.6,39.1,32.6,971.9,3,68,24,201,12.8,Overcast,,Bharveli mine
23-04-2026,23.7,40.6,31.9,971.9,3,82,24,360,17.1,Overcast,,Bharveli mine
24-04-2026,25.5,40.8,33.4,971.8,3,45,20,351,14.9,Overcast,,Bharveli mine
25-04-2026,25.8,42.5,33.9,972.2,3,34,22,6,18.2,Overcast,,Bharveli mine
26-04-2026,27.3,41.9,34.5,970.9,3,18,23,162,10.5,Overcast,,Bharveli mine
27-04-2026,27.6,40.4,33.9,969.5,2,17,28,125,13.6,Partly cloudy,,Bharveli mine
28-04-2026,25.1,42.6,34,969.3,1,5,29,271,21.3,Mainly clear,,Bharveli mine
29-04-2026,27.7,41.4,34.4,969.2,1,4,24,241,27.8,Mainly clear,,Bharveli mine
30-04-2026,25.6,40.3,32.9,970,3,35,25,17,21,Overcast,,Bharveli mine
01-05-2026,24.2,38.7,31.5,970.5,2,23,36,274,16.8,Partly cloudy,,Bharveli mine
02-05-2026,25.5,40.2,32.2,969.2,51,46,37,276,38.1,Light drizzle,,Bharveli mine
03-05-2026,23,39.1,31.6,969.7,2,18,40,143,15.5,Partly cloudy,,Bharveli mine
04-05-2026,26.7,40,32.7,970.2,1,10,31,144,15,Mainly clear,,Bharveli mine
05-05-2026,26.1,38,31.8,972.4,2,18,35,142,17.1,Partly cloudy,,Bharveli mine
06-05-2026,23.5,35.9,29.9,972.8,1,8,43,218,11.4,Mainly clear,,Bharveli mine
07-05-2026,22.1,36.9,30.5,973.1,3,26,38,153,15,Overcast,,Bharveli mine
08-05-2026,23.1,37.2,30.7,973.9,3,10,39,126,10,Overcast,,Bharveli mine
09-05-2026,23.7,37.5,29.6,973.6,53,26,44,182,28.1,Moderate drizzle,,Bharveli mine
10-05-2026,23.3,36.7,30.3,972.1,1,4,44,143,12.2,Mainly clear,,Bharveli mine
11-05-2026,25.7,38.3,32.2,971.6,1,5,39,168,13.1,Mainly clear,,Bharveli mine
12-05-2026,28.2,39.7,33.5,970.2,61,5,36,10,14.3,Slight rain,,Bharveli mine
13-05-2026,27.9,39.9,33.3,968.9,51,15,43,186,13.5,Light drizzle,,Bharveli mine
14-05-2026,27.5,39.3,33.5,968,51,9,43,161,13.8,Light drizzle,,Bharveli mine
15-05-2026,29.2,39.2,34.1,967.9,51,22,40,144,16,Light drizzle,,Bharveli mine
16-05-2026,29.3,39.6,34.3,968.6,2,17,40,151,12.4,Partly cloudy,,Bharveli mine
17-05-2026,27.6,39.6,33.5,969.6,3,21,43,163,16,Overcast,,Bharveli mine
18-05-2026,28.5,40.6,34.7,968.9,1,11,37,172,14.1,Mainly clear,,Bharveli mine
19-05-2026,29.7,41.1,35.1,968.8,51,17,36,166,13.7,Light drizzle,,Bharveli mine
20-05-2026,29.7,43,36,967.8,3,31,31,202,10.8,Overcast,,Bharveli mine
21-05-2026,31.2,42.9,36.4,968.3,1,4,24,354,25.1,Mainly clear,,Bharveli mine
22-05-2026,29.6,42.8,35.7,969.8,3,27,23,357,19,Overcast,,Bharveli mine
23-05-2026,28.3,43,35.8,970.1,3,18,23,344,19.4,Overcast,,Bharveli mine
24-05-2026,28.3,42.6,35.4,970.2,1,5,26,351,17.4,Mainly clear,,Bharveli mine
25-05-2026,27.8,43.6,36,969.7,3,17,25,352,16.2,Overcast,,Bharveli mine
26-05-2026,29.5,43,36.7,970,1,19,24,320,16,Mainly clear,,Bharveli mine
27-05-2026,29.2,43.6,36.6,969.7,1,11,25,329,13.8,Mainly clear,,Bharveli mine
28-05-2026,31.1,43.8,37.2,969.6,1,17,23,285,19,Mainly clear,,Bharveli mine
29-05-2026,28.2,41.3,35.4,969.6,51,15,31,312,15.2,Light drizzle,,Bharveli mine
30-05-2026,25.4,38.9,31.6,970.1,61,20,51,356,19.8,Slight rain,,Bharveli mine
31-05-2026,24.6,38.6,31.9,972.1,3,19,46,275,17.6,Overcast,,Bharveli mine
01-06-2026,26.6,37.9,32.5,972.7,3,18,40,56,8.6,Overcast,,Bharveli mine
02-06-2026,27.2,38.2,32.4,971.5,2,13,41,325,12.4,Partly cloudy,,Bharveli mine
03-06-2026,28,38.5,33.7,969.5,51,12,37,278,9.4,Light drizzle,,Bharveli mine
04-06-2026,24.6,39.1,33.4,968,61,26,46,310,11.2,Slight rain,,Bharveli mine
05-06-2026,27.8,37,32.7,968.2,1,11,44,342,15.7,Mainly clear,,Bharveli mine
06-06-2026,28,37.2,32.4,968.8,51,8,43,344,22.4,Light drizzle,,Bharveli mine
07-06-2026,27.9,38.6,33.9,969.5,3,48,40,339,15.5,Overcast,,Bharveli mine
08-06-2026,29.9,40.3,34.6,968.4,53,64,40,328,16.3,Moderate drizzle,,Bharveli mine
09-06-2026,25.7,40.3,34.1,967.9,53,56,47,266,13.2,Moderate drizzle,,Bharveli mine
10-06-2026,29.5,40.2,34.3,968.1,51,53,44,324,17.3,Light drizzle,,Bharveli mine
11-06-2026,27.2,39.7,33.6,968.5,51,15,47,191,14,Light drizzle,,Bharveli mine
12-06-2026,28.1,38.4,32.7,970.4,51,40,48,177,17.1,Light drizzle,,Bharveli mine
13-06-2026,26.8,35.2,30.8,971.1,51,43,56,289,15.9,Light drizzle,,Bharveli mine
14-06-2026,23.7,36.9,29.9,969.7,63,51,63,340,28.9,Moderate rain,,Bharveli mine
15-06-2026,26.9,37.1,31.8,969.9,3,49,47,346,15.6,Overcast,,Bharveli mine
16-06-2026,27.7,38.5,32.8,970.6,51,30,46,332,13.9,Light drizzle,,Bharveli mine
17-06-2026,26.7,37.7,31.9,970.9,53,22,50,341,20.4,Moderate drizzle,,Bharveli mine
18-06-2026,26.8,35.9,31.3,970.8,61,43,56,318,14.7,Slight rain,,Bharveli mine
19-06-2026,25.7,36.2,31.2,970.9,51,58,58,120,13,Light drizzle,,Bharveli mine
20-06-2026,26.2,38.3,32.3,971,51,57,50,298,13.1,Light drizzle,,Bharveli mine
21-06-2026,28.1,38,32.5,970.2,53,59,50,328,24,Moderate drizzle,,Bharveli mine
22-06-2026,26.7,36,31.5,970.6,53,62,57,202,14.2,Moderate drizzle,,Bharveli mine
23-06-2026,25.3,34.5,29,970.2,63,61,70,228,10.9,Moderate rain,,Bharveli mine
24-06-2026,24.6,34.2,28.7,969.3,61,63,72,233,13,Slight rain,,Bharveli mine
25-06-2026,25.8,35.2,30.2,969.4,53,72,64,245,14.3,Moderate drizzle,,Bharveli mine
26-06-2026,27.3,35.2,29.7,970.1,55,67,71,4,13,Dense drizzle,,Bharveli mine
27-06-2026,26.8,36.3,30.1,969.7,61,71,68,242,17,Slight rain,,Bharveli mine
28-06-2026,26.7,35.5,30.7,968.8,51,91,66,179,10.5,Light drizzle,,Bharveli mine
29-06-2026,25.5,33.6,29.3,968.1,61,85,76,218,16.2,Slight rain,,Bharveli mine
30-06-2026,25.1,30,26.5,968.3,65,98,90,239,13.3,Heavy rain,,Bharveli mine
01-07-2026,24.1,29.4,26,967.6,63,99,91,264,9.7,Moderate rain,,Bharveli mine
02-07-2026,24.1,27.6,25.6,967.4,63,100,94,289,9,Moderate rain,,Bharveli mine
03-07-2026,24.6,29.6,26.1,966,65,99,90,276,12.3,Heavy rain,,Bharveli mine
04-07-2026,24.4,30.9,26.9,964.2,63,93,89,310,13.6,Moderate rain,,Bharveli mine
05-07-2026,24.7,31.5,26.5,964.5,61,98,90,249,12.3,Slight rain,,Bharveli mine
06-07-2026,25.2,29.5,26.6,964.4,63,100,91,220,11.3,Moderate rain,,Bharveli mine
07-07-2026,24.7,30.3,26.8,964.4,63,91,84,197,24,Moderate rain,,Bharveli mine
08-07-2026,24.6,30.4,26.9,965.6,61,89,85,193,22.9,Slight rain,,Bharveli mine
09-07-2026,24.5,32.1,27.2,968.3,65,94,87,234,20.9,Heavy rain,,Bharveli mine
10-07-2026,24.2,33.1,28.4,969.8,63,95,75,254,16.1,Moderate rain,,Bharveli mine
11-07-2026,25.1,32.6,28.8,968.8,51,74,69,268,18.6,Light drizzle,,Bharveli mine
12-07-2026,25.5,33,29,967.4,51,73,69,258,17.7,Light drizzle,,Bharveli mine
13-07-2026,25.5,33.8,29.5,967.9,51,92,69,288,15.4,Light drizzle,,Bharveli mine
14-07-2026,25.9,34,29.9,968.8,51,81,67,316,19.5,Light drizzle,,Bharveli mine
15-07-2026,26.3,32.3,29.1,969.6,51,94,69,306,12.3,Light drizzle,,Bharveli mine
16-07-2026,25.9,32.4,28.1,969.7,63,98,79,306,16.7,Moderate rain,,Bharveli mine
17-07-2026,24.4,28.1,25.7,970.3,63,100,93,252,14.3,Moderate rain,,Bharveli mine
18-07-2026,24,30.7,26.5,969.7,63,98,90,244,13.6,Moderate rain,,Bharveli mine
19-07-2026,24.3,32.1,27.2,969.7,63,98,87,241,11.7,Moderate rain,,Bharveli mine
20-07-2026,24.4,29.8,26.5,969.6,63,100,91,245,13.4,Moderate rain,,Bharveli mine
21-07-2026,24.1,26.2,25,968.9,63,100,95,234,13.9,Moderate rain,,Bharveli mine
22-07-2026,23.8,26.5,24.8,967.6,61,100,92,224,16.9,Slight rain,,Bharveli mine
23-07-2026,23.5,27.4,24.5,967.7,63,97,91,209,21.4,Moderate rain,,Bharveli mine
24-07-2026,23.9,30.5,26.8,968.3,53,65,82,206,16,Moderate drizzle,,Bharveli mine
25-07-2026,24.2,31.7,28,968.7,51,92,80,220,11.6,Light drizzle,,Bharveli mine
26-07-2026,24.9,31.8,28,968.1,61,91,82,287,10.1,Slight rain,,Bharveli mine
27-07-2026,24.3,32.1,26.8,967,63,88,89,232,12.6,Moderate rain,,Bharveli mine
28-07-2026,24.2,30.7,26.7,965.7,63,95,90,281,12,Moderate rain,,Bharveli mine
29-07-2026,24.5,30.5,26.5,962.3,63,94,90,336,23.1,Moderate rain,,Bharveli mine
30-07-2026,24.9,30.9,27.2,959.7,61,77,81,40,18.2,Slight rain,,Bharveli mine
31-07-2026,24.6,29.2,26.1,962.9,53,80,87,149,30.4,Moderate drizzle,,Bharveli mine
01-08-2026,24.7,30.4,27.4,966.5,51,86,82,187,16.4,Light drizzle,,Bharveli mine
02-08-2026,25.5,32,28.3,968.5,51,82,76,218,13,Light drizzle,,Bharveli mine
03-08-2026,25.9,31.9,28.7,969.5,51,98,79,222,11.3,Light drizzle,,Bharveli mine
04-08-2026,24.8,30.9,27.4,970.1,63,96,87,326,10,Moderate rain,,Bharveli mine
05-08-2026,23.8,30.8,26.9,968.4,63,96,89,158,12.9,Moderate rain,,Bharveli mine
06-08-2026,23.7,30.6,26.9,967.7,63,99,86,245,17.3,Moderate rain,,Bharveli mine
07-08-2026,24,28,25.5,967.3,63,98,92,280,9.4,Moderate rain,,Bharveli mine
08-08-2026,24.2,30.3,26.1,967.6,63,98,91,310,14.2,Moderate rain,,Bharveli mine
09-08-2026,23.7,27.5,24.9,968.2,63,95,95,263,13,Moderate rain,,Bharveli mine
10-08-2026,24,30.8,26.4,968.1,63,79,87,238,14.4,Moderate rain,,Bharveli mine
11-08-2026,23.6,29,26.1,967.8,53,73,87,210,9.6,Moderate drizzle,,Bharveli mine
12-08-2026,24.1,29.6,26.5,968.8,61,79,89,215,14.6,Slight rain,,Bharveli mine
13-08-2026,24.4,29.8,26.9,970,53,94,87,238,11.2,Moderate drizzle,,Bharveli mine
14-08-2026,24.7,29.6,26.6,969.5,53,99,87,280,11.9,Moderate drizzle,,Bharveli mine
15-08-2026,24,29.1,25.9,968.7,63,99,92,270,12.5,Moderate rain,,Bharveli mine
16-08-2026,24.6,28.6,26,969,61,96,91,286,12.3,Slight rain,,Bharveli mine
17-08-2026,24,28.3,25.9,971,63,100,90,267,10.2,Moderate rain,,Bharveli mine
18-08-2026,24.2,27.2,25.4,971.4,63,100,93,255,7.4,Moderate rain,,Bharveli mine
19-08-2026,24.2,26.7,25.2,970.6,63,100,95,280,11.8,Moderate rain,,Bharveli mine
20-08-2026,24.3,29.9,26.3,970,63,89,88,294,15.2,Moderate rain,,Bharveli mine
21-08-2026,24.2,28.5,26,969.6,63,97,90,278,11.7,Moderate rain,,Bharveli mine
22-08-2026,24,27.7,25.6,969.2,63,100,93,309,19,Moderate rain,,Bharveli mine
23-08-2026,23.9,29.5,26.3,969.7,61,97,91,334,16.2,Slight rain,,Bharveli mine
24-08-2026,24.3,28.1,25.8,969.6,63,99,94,327,12.9,Moderate rain,,Bharveli mine
25-08-2026,23.9,29.6,26.1,969.5,63,98,91,281,12.3,Moderate rain,,Bharveli mine
26-08-2026,24.2,30.6,26.4,969.5,63,95,90,234,9.9,Moderate rain,,Bharveli mine
27-08-2026,24.3,29.6,25.8,969.9,63,98,92,264,15.7,Moderate rain,,Bharveli mine
28-08-2026,23.5,30.3,26,970.1,61,93,87,276,15.7,Slight rain,,Bharveli mine
29-08-2026,24.4,27.3,25.2,969.9,65,99,95,256,11.9,Heavy rain,,Bharveli mine
30-08-2026,24.1,28.3,26,970.1,53,100,85,322,17.4,Moderate drizzle,,Bharveli mine
31-08-2026,23.7,28,25.6,970.7,61,98,86,323,20.3,Slight rain,,Bharveli mine
01-09-2026,23.4,29.2,26.1,971.1,53,98,82,312,15.4,Moderate drizzle,,Bharveli mine
02-09-2026,23.3,25.8,24.6,971.5,61,100,93,256,10.7,Slight rain,,Bharveli mine
03-09-2026,22.6,26.5,24.4,970.8,63,100,91,246,15.6,Moderate rain,,Bharveli mine
04-09-2026,23.4,29,25.6,972,53,73,85,232,18.5,Moderate drizzle,,Bharveli mine
05-09-2026,23,28.4,24.9,973.8,63,71,88,208,12,Moderate rain,,Bharveli mine
06-09-2026,23.5,30.4,26.6,974.3,51,37,84,229,14.1,Light drizzle,,Bharveli mine
07-09-2026,23.5,30.2,26.6,974.1,51,26,84,264,12.2,Light drizzle,,Bharveli mine
08-09-2026,24.1,32.1,27.5,973.5,51,29,82,306,10.4,Light drizzle,,Bharveli mine
09-09-2026,24,31.8,27.8,973.2,3,72,77,336,13.9,Overcast,,Bharveli mine
10-09-2026,25.1,31.9,28.2,972.5,3,90,73,339,17.5,Overcast,,Bharveli mine
11-09-2026,24.9,29.3,26.6,971,65,97,85,346,14.2,Heavy rain,,Bharveli mine
12-09-2026,24.2,30,26.3,970.1,63,86,86,82,13.2,Moderate rain,,Bharveli mine
13-09-2026,23.7,26.2,24.7,973.5,65,88,91,165,19.8,Heavy rain,,Bharveli mine
14-09-2026,22.9,28.7,25.5,976.4,61,44,86,167,15.2,Slight rain,,Bharveli mine
15-09-2026,23.3,29.7,26.2,976.6,53,29,87,194,7.7,Moderate drizzle,,Bharveli mine
16-09-2026,24.2,31.2,27.3,975.7,51,15,82,284,6.2,Light drizzle,,Bharveli mine
17-09-2026,24.6,30.8,27.1,974.5,61,28,85,339,12.8,Slight rain,,Bharveli mine
18-09-2026,24.2,31,26.7,974.7,55,40,86,322,15.7,Dense drizzle,,Bharveli mine
19-09-2026,23.5,30.4,26.8,975.6,61,43,87,22,6.5,Slight rain,,Bharveli mine
20-09-2026,24.1,30.4,26.5,976.1,61,84,89,356,13.4,Slight rain,,Bharveli mine
21-09-2026,24,29.5,26.3,974.4,63,69,90,348,8.3,Moderate rain,,Bharveli mine
22-09-2026,24.4,30.8,26.5,972.2,63,72,89,352,9.4,Moderate rain,,Bharveli mine
23-09-2026,24.7,31.8,27.2,969.4,63,83,83,5,17.2,Moderate rain,,Bharveli mine
24-09-2026,24.2,29.1,26,966.6,63,99,87,353,20.8,Moderate rain,,Bharveli mine
25-09-2026,23.4,26.2,24.4,963.1,63,100,94,333,25.2,Moderate rain,,Bharveli mine
26-09-2026,21.9,28.5,24.3,968.6,63,98,86,273,19.6,Moderate rain,,Bharveli mine
27-09-2026,21.2,30.1,25.3,973.8,53,15,83,203,8.5,Moderate drizzle,,Bharveli mine
28-09-2026,22.5,31,26.4,975.1,0,5,77,332,8.5,Clear sky,,Bharveli mine
29-09-2026,21.8,30.8,26.2,976.8,0,4,73,349,10.3,Clear sky,,Bharveli mine
