date,tmin_c,tmax_c,tmean_c,pressure_hpa,weather_code,cloud_cover_pct,humidity_pct,wind_dir_deg,wind_speed_kmh,weather_label
2024-09-30,23.5,32.7,27.7,983.6,3,29,77,288,15.2,Overcast
2024-10-01,24.0,33.2,28.3,980.9,0,1,76,283,14.9,Clear sky
2024-10-02,24.7,34.6,28.9,980.3,0,0,73,270,17.7,Clear sky
2024-10-03,24.5,33.9,28.6,979.8,0,0,66,284,18.4,Clear sky
2024-10-04,23.8,33.5,28.3,981.0,0,0,68,269,13.4,Clear sky
2024-10-05,24.2,33.6,28.4,983.1,1,7,66,272,17.8,Mainly clear
2024-10-06,23.7,33.6,27.8,986.3,1,5,65,306,15.9,Mainly clear
2024-10-07,21.9,32.4,26.7,988.3,0,0,71,318,9.1,Clear sky
2024-10-08,22.2,32.5,27.0,987.7,0,1,70,334,10.0,Clear sky
2024-10-09,20.6,32.2,26.5,985.8,0,2,65,301,14.8,Clear sky
2024-10-10,21.0,32.3,26.1,985.0,3,8,60,299,13.9,Overcast
2024-10-11,19.1,31.7,25.0,985.1,2,5,56,282,13.7,Partly cloudy
2024-10-12,19.1,32.0,25.3,985.7,0,0,61,279,10.6,Clear sky
2024-10-13,19.7,32.1,26.0,986.6,3,25,57,303,8.7,Overcast
2024-10-14,20.5,31.8,25.7,987.1,2,5,55,312,10.4,Partly cloudy
2024-10-15,19.4,31.9,25.2,986.2,0,0,57,284,13.1,Clear sky
2024-10-16,19.6,32.4,25.7,985.2,3,53,57,260,9.0,Overcast
2024-10-17,20.6,32.8,26.3,985.8,3,33,63,104,9.2,Overcast
2024-10-18,20.1,33.4,26.1,985.7,0,0,65,136,10.1,Clear sky
2024-10-19,21.0,33.7,26.8,986.0,0,1,63,178,9.9,Clear sky
2024-10-20,20.2,33.0,26.5,987.3,1,4,68,94,10.5,Mainly clear
2024-10-21,20.0,32.3,25.6,987.9,0,0,70,63,9.1,Clear sky
2024-10-22,20.1,31.5,25.6,988.8,0,0,67,41,9.5,Clear sky
2024-10-23,20.1,32.1,26.1,988.2,0,1,61,312,17.5,Clear sky
2024-10-24,20.2,32.6,25.5,986.9,0,0,59,309,14.8,Clear sky
2024-10-25,19.1,32.1,25.0,986.1,0,0,61,302,17.9,Clear sky
2024-10-26,19.0,31.6,24.6,986.1,0,0,66,338,13.2,Clear sky
2024-10-27,20.4,31.1,25.2,985.3,0,0,74,114,8.5,Clear sky
2024-10-28,21.0,31.4,25.7,984.1,0,0,71,154,10.9,Clear sky
2024-10-29,20.6,32.9,26.4,984.5,0,0,70,159,8.9,Clear sky
2024-10-30,21.3,34.3,27.0,985.2,0,0,65,330,12.4,Clear sky
2024-10-31,20.8,32.8,26.1,986.8,0,0,63,295,18.0,Clear sky
2024-11-01,19.3,32.0,24.9,987.6,0,0,53,293,17.6,Clear sky
2024-11-02,17.7,31.7,24.4,988.7,0,0,54,293,10.7,Clear sky
2024-11-03,18.2,31.3,24.4,989.6,0,0,54,31,9.3,Clear sky
2024-11-04,17.5,30.4,23.7,988.2,0,0,62,297,9.5,Clear sky
2024-11-05,18.1,29.4,23.4,990.1,0,1,71,86,10.5,Clear sky
2024-11-06,18.1,30.2,23.9,990.4,0,0,67,296,8.9,Clear sky
2024-11-07,19.0,30.1,24.2,989.6,0,0,67,147,7.4,Clear sky
2024-11-08,19.0,30.3,24.6,989.4,0,2,66,146,8.1,Clear sky
2024-11-09,19.7,30.6,24.5,989.6,0,2,68,145,11.4,Clear sky
2024-11-10,19.3,30.2,24.3,989.5,0,0,69,109,9.6,Clear sky
2024-11-11,18.5,29.8,23.9,989.4,0,1,74,77,8.0,Clear sky
2024-11-12,19.0,31.2,24.9,989.0,0,0,60,260,15.0,Clear sky
2024-11-13,18.8,30.0,24.1,988.1,0,0,56,299,10.5,Clear sky
2024-11-14,19.0,30.0,24.1,990.1,0,0,55,304,9.6,Clear sky
2024-11-15,18.7,29.0,23.7,989.5,0,0,51,299,12.6,Clear sky
2024-11-16,17.6,28.8,23.3,988.6,0,1,55,298,10.5,Clear sky
2024-11-17,18.0,28.5,22.9,989.1,0,1,58,297,8.9,Clear sky
2024-11-18,15.9,26.4,20.8,990.7,0,1,60,292,7.8,Clear sky
2024-11-19,14.2,25.9,20.1,991.7,0,0,51,289,8.7,Clear sky
2024-11-20,13.6,25.9,19.8,990.6,0,0,50,288,8.3,Clear sky
2024-11-21,13.6,25.8,19.7,990.1,0,0,51,289,7.7,Clear sky
2024-11-22,14.0,26.3,20.3,989.9,0,0,54,293,7.0,Clear sky
2024-11-23,14.1,27.5,20.9,990.4,0,0,51,249,6.0,Clear sky
2024-11-24,15.7,27.7,21.4,990.2,0,0,48,271,10.6,Clear sky
2024-11-25,15.1,25.9,20.6,990.2,0,0,57,286,11.0,Clear sky
2024-11-26,13.9,25.6,19.7,990.4,0,0,56,286,10.4,Clear sky
2024-11-27,13.6,26.0,19.8,989.9,0,0,49,300,8.1,Clear sky
2024-11-28,12.8,25.5,19.4,991.4,0,0,50,333,6.5,Clear sky
2024-11-29,12.5,24.6,18.9,992.1,0,0,59,347,5.1,Clear sky
2024-11-30,12.4,24.9,18.9,990.2,0,0,60,307,8.0,Clear sky
2024-12-01,14.0,24.8,19.4,988.5,0,0,61,301,8.1,Clear sky
2024-12-02,13.3,25.8,19.5,988.7,0,0,58,300,7.1,Clear sky
2024-12-03,13.5,26.5,20.1,990.8,0,0,56,307,10.7,Clear sky
2024-12-04,15.2,25.6,20.1,989.9,0,0,50,298,14.2,Clear sky
2024-12-05,12.0,23.6,17.8,989.4,0,0,45,283,12.7,Clear sky
2024-12-06,11.3,23.5,17.5,988.3,0,0,47,287,12.0,Clear sky
2024-12-07,9.7,23.1,16.9,987.9,0,0,44,283,5.0,Clear sky
2024-12-08,11.0,22.3,16.1,987.7,55,19,56,124,13.1,Dense drizzle
2024-12-09,10.4,20.2,15.3,990.0,0,1,65,36,8.7,Clear sky
2024-12-10,9.8,20.1,14.5,992.0,0,0,53,304,13.0,Clear sky
2024-12-11,8.2,20.2,13.9,991.7,0,0,47,292,10.5,Clear sky
2024-12-12,7.7,20.5,14.2,991.1,0,0,52,299,10.1,Clear sky
2024-12-13,9.2,20.6,14.8,992.3,0,1,48,296,15.1,Clear sky
2024-12-14,8.6,20.7,14.6,992.5,0,0,44,287,12.5,Clear sky
2024-12-15,7.3,21.1,14.3,993.8,0,0,51,298,6.5,Clear sky
2024-12-16,7.0,21.0,14.2,992.1,0,0,67,314,5.9,Clear sky
2024-12-17,7.7,20.6,14.2,990.7,3,30,74,325,4.4,Overcast
2024-12-18,7.6,20.9,14.0,990.2,3,12,69,279,7.2,Overcast
2024-12-19,8.0,20.8,14.5,990.3,0,0,62,123,8.3,Clear sky
2024-12-20,10.2,23.2,16.2,990.1,0,1,62,5,6.5,Clear sky
2024-12-21,9.2,22.1,15.5,990.6,1,3,65,320,7.3,Mainly clear
2024-12-22,10.5,22.5,16.3,990.4,3,31,60,134,7.2,Overcast
2024-12-23,11.6,17.6,14.5,990.4,55,56,68,98,10.1,Dense drizzle
2024-12-24,11.4,18.7,14.7,991.7,51,49,77,46,8.9,Light drizzle
2024-12-25,10.8,20.6,15.1,993.5,1,5,78,319,7.6,Mainly clear
2024-12-26,9.9,22.6,16.1,995.2,3,18,68,350,4.8,Overcast
2024-12-27,13.8,17.1,15.1,993.7,63,87,84,64,11.3,Moderate rain
2024-12-28,12.3,18.1,14.9,993.3,63,62,89,338,7.8,Moderate rain
2024-12-29,10.6,18.3,13.7,995.0,3,16,86,307,9.6,Overcast
2024-12-30,9.6,18.1,12.7,994.2,3,20,87,290,11.0,Overcast
2024-12-31,7.5,16.1,11.3,995.2,3,41,89,297,5.1,Overcast
2025-01-01,7.7,16.8,11.1,993.4,3,52,89,294,9.4,Overcast
2025-01-02,8.5,18.2,12.4,992.6,3,85,85,287,10.1,Overcast
2025-01-03,8.6,19.6,12.8,992.4,3,75,86,286,6.1,Overcast
2025-01-04,8.4,21.1,13.5,990.3,3,27,89,127,7.3,Overcast
2025-01-05,9.2,18.1,12.4,990.4,3,33,90,124,9.1,Overcast
2025-01-06,8.8,18.0,13.0,991.5,63,35,89,325,9.3,Moderate rain
2025-01-07,10.2,17.5,13.0,992.1,3,35,88,295,13.8,Overcast
2025-01-08,8.7,18.4,12.7,990.3,0,0,75,282,11.1,Clear sky
2025-01-09,8.0,18.7,12.8,992.6,0,4,77,316,4.9,Clear sky
2025-01-10,7.9,17.9,12.1,994.2,3,12,85,106,6.4,Overcast
2025-01-11,8.0,16.8,12.2,992.9,61,66,88,103,14.1,Slight rain
2025-01-12,9.8,18.0,13.2,993.5,51,29,87,68,6.2,Light drizzle
2025-01-13,9.2,19.0,13.4,993.2,3,10,86,296,8.6,Overcast
2025-01-14,8.7,18.2,13.2,993.5,0,0,83,300,8.1,Clear sky
2025-01-15,9.1,18.4,13.0,994.4,61,61,87,115,6.3,Slight rain
2025-01-16,11.1,18.0,13.9,995.4,51,44,84,45,6.2,Light drizzle
2025-01-17,9.2,18.9,13.2,994.8,0,1,81,308,9.3,Clear sky
2025-01-18,7.8,17.8,12.3,993.0,3,52,86,289,8.6,Overcast
2025-01-19,8.9,21.3,14.6,991.7,3,63,86,324,5.5,Overcast
2025-01-20,11.7,21.9,16.3,990.0,1,10,83,287,10.2,Mainly clear
2025-01-21,11.1,21.9,16.0,988.8,0,0,78,289,10.0,Clear sky
2025-01-22,10.4,22.8,16.2,988.4,1,6,75,304,6.6,Mainly clear
2025-01-23,11.7,21.9,16.3,990.0,61,14,71,306,11.1,Slight rain
2025-01-24,10.4,20.9,14.9,990.2,0,0,67,287,12.9,Clear sky
2025-01-25,9.0,20.8,14.2,989.8,0,0,63,273,11.6,Clear sky
2025-01-26,8.2,21.0,14.1,989.4,0,0,62,275,10.1,Clear sky
2025-01-27,7.8,21.5,14.4,988.2,0,0,62,277,9.5,Clear sky
2025-01-28,8.0,22.9,15.3,987.8,0,0,58,270,8.3,Clear sky
2025-01-29,10.2,24.0,16.6,989.2,0,1,63,117,9.7,Clear sky
2025-01-30,11.3,24.8,17.7,986.2,0,0,66,139,7.6,Clear sky
2025-01-31,12.1,26.3,18.8,985.8,3,18,65,147,8.1,Overcast
2025-02-01,12.7,25.5,19.1,988.0,3,21,63,109,15.6,Overcast
2025-02-02,13.7,23.6,17.9,990.3,2,6,70,318,11.3,Partly cloudy
2025-02-03,10.8,22.8,16.4,989.5,61,8,66,322,6.5,Slight rain
2025-02-04,13.0,22.9,17.6,989.5,53,49,70,100,8.9,Moderate drizzle
2025-02-05,11.9,21.4,16.2,990.4,51,5,68,303,12.0,Light drizzle
2025-02-06,11.4,21.1,15.9,991.9,2,3,51,317,16.8,Partly cloudy
2025-02-07,10.6,20.8,15.3,991.6,2,8,52,293,17.3,Partly cloudy
2025-02-08,11.1,23.3,16.7,990.4,3,33,52,292,12.6,Overcast
2025-02-09,10.8,25.2,17.8,989.5,1,3,59,289,8.1,Mainly clear
2025-02-10,11.7,27.2,19.2,988.9,3,10,59,290,7.1,Overcast
2025-02-11,12.3,27.9,20.3,988.3,2,11,60,316,9.5,Partly cloudy
2025-02-12,13.6,25.3,19.2,989.4,0,0,51,303,16.2,Clear sky
2025-02-13,13.7,23.6,18.3,989.8,0,0,47,301,16.1,Clear sky
2025-02-14,12.3,24.6,18.5,988.0,3,17,42,287,14.1,Overcast
2025-02-15,13.0,25.6,19.9,985.9,3,27,46,27,10.3,Overcast
2025-02-16,13.5,26.6,20.4,987.5,3,36,52,3,8.4,Overcast
2025-02-17,16.2,28.8,21.7,990.2,3,33,52,329,7.9,Overcast
2025-02-18,16.8,26.4,20.9,989.8,3,41,53,298,9.6,Overcast
2025-02-19,14.2,27.0,20.6,988.1,53,76,51,265,8.5,Moderate drizzle
2025-02-20,15.1,23.7,19.0,988.9,61,49,69,91,16.6,Slight rain
2025-02-21,13.7,25.1,19.0,991.8,51,32,71,347,11.2,Light drizzle
2025-02-22,13.5,23.9,18.3,991.6,3,19,66,299,11.9,Overcast
2025-02-23,13.3,25.1,18.9,992.5,0,0,62,298,9.1,Clear sky
2025-02-24,13.3,26.9,20.1,993.4,3,22,57,309,10.3,Overcast
2025-02-25,14.4,28.1,21.4,993.6,3,47,54,308,7.4,Overcast
2025-02-26,17.9,30.1,23.7,993.3,3,84,55,171,8.9,Overcast
2025-02-27,19.1,23.4,21.1,990.7,53,98,70,68,17.1,Moderate drizzle
2025-02-28,18.2,23.4,20.0,987.3,61,73,73,97,12.9,Slight rain
2025-03-01,15.5,24.1,19.5,988.4,63,52,81,72,15.8,Moderate rain
2025-03-02,15.4,24.6,19.1,987.6,0,0,67,318,13.2,Clear sky
2025-03-03,12.8,26.9,19.8,986.6,2,9,59,125,7.8,Partly cloudy
2025-03-04,15.6,24.4,19.8,988.1,2,9,60,294,17.0,Partly cloudy
2025-03-05,12.6,22.8,17.8,989.2,0,0,45,301,22.7,Clear sky
2025-03-06,12.8,26.6,19.6,987.2,0,0,41,287,14.2,Clear sky
2025-03-07,12.5,28.4,20.9,985.7,0,0,44,290,9.5,Clear sky
2025-03-08,14.6,30.1,22.4,984.3,0,1,43,289,12.0,Clear sky
2025-03-09,16.8,31.8,24.7,987.5,0,2,43,143,11.9,Clear sky
2025-03-10,19.0,31.7,25.2,990.7,3,49,46,131,13.5,Overcast
2025-03-11,19.5,34.4,26.9,988.5,3,57,46,359,7.1,Overcast
2025-03-12,19.8,32.9,26.4,984.7,3,60,50,298,12.2,Overcast
2025-03-13,21.0,32.0,25.2,983.1,63,37,53,318,14.8,Moderate rain
2025-03-14,19.0,33.2,25.7,984.1,3,47,51,156,13.6,Overcast
2025-03-15,19.0,30.3,24.1,985.8,51,35,55,50,15.0,Light drizzle
2025-03-16,18.0,29.9,23.7,987.2,51,4,48,323,12.9,Light drizzle
2025-03-17,17.6,28.3,23.1,988.1,3,8,44,306,14.0,Overcast
2025-03-18,17.1,29.9,23.6,987.9,1,3,43,296,11.8,Mainly clear
2025-03-19,17.7,32.3,25.2,988.7,3,15,37,306,11.9,Overcast
2025-03-20,19.1,33.0,26.2,989.9,0,2,32,322,13.9,Clear sky
2025-03-21,19.4,32.0,25.4,989.4,0,2,32,309,15.5,Clear sky
2025-03-22,18.0,31.3,25.2,988.2,1,6,33,296,16.1,Mainly clear
2025-03-23,18.5,32.7,26.0,989.8,0,0,34,218,10.3,Clear sky
2025-03-24,20.0,33.9,27.2,989.1,0,0,32,176,8.5,Clear sky
2025-03-25,20.9,36.4,28.7,985.2,0,0,32,114,9.7,Clear sky
2025-03-26,21.8,37.9,30.0,982.3,0,0,29,181,12.2,Clear sky
2025-03-27,24.1,36.2,30.1,982.1,2,17,27,279,12.8,Partly cloudy
2025-03-28,21.8,31.0,26.1,984.7,0,1,25,293,15.5,Clear sky
2025-03-29,16.2,28.9,23.0,985.4,3,77,22,298,15.2,Overcast
2025-03-30,17.5,31.5,24.8,985.9,3,19,22,296,12.6,Overcast
2025-03-31,17.6,33.9,26.2,986.1,0,0,21,295,13.5,Clear sky
2025-04-01,19.0,33.3,26.5,985.1,0,0,21,290,13.6,Clear sky
2025-04-02,18.6,35.7,27.7,985.9,0,0,22,295,11.8,Clear sky
2025-04-03,20.4,37.4,29.6,986.6,3,19,19,252,9.4,Overcast
2025-04-04,21.7,37.0,30.1,986.2,0,1,18,299,14.2,Clear sky
2025-04-05,22.0,35.2,29.0,984.3,1,1,22,291,13.8,Mainly clear
2025-04-06,22.0,38.1,30.5,982.5,3,11,22,284,10.3,Overcast
2025-04-07,24.4,39.9,32.5,983.7,2,6,22,93,7.6,Partly cloudy
2025-04-08,25.2,39.9,32.8,985.7,3,9,22,111,9.7,Overcast
2025-04-09,26.1,40.7,33.5,983.6,3,14,25,103,12.5,Overcast
2025-04-10,26.6,38.9,31.5,979.5,61,65,33,131,23.3,Slight rain
2025-04-11,22.5,34.2,26.3,979.1,63,55,60,106,25.8,Moderate rain
2025-04-12,20.5,34.8,26.3,982.1,53,20,57,99,9.9,Moderate drizzle
2025-04-13,21.1,35.3,28.3,983.8,2,6,47,91,5.6,Partly cloudy
2025-04-14,22.3,35.6,29.3,984.0,0,1,42,116,10.1,Clear sky
2025-04-15,24.7,36.6,30.8,984.4,2,9,37,127,10.0,Partly cloudy
2025-04-16,25.6,38.2,32.2,982.8,1,7,34,124,9.5,Mainly clear
2025-04-17,26.2,40.5,33.3,980.2,3,15,32,117,15.8,Overcast
2025-04-18,25.7,40.8,32.9,978.8,3,16,40,99,15.9,Overcast
2025-04-19,27.4,39.9,32.6,979.1,1,9,41,128,19.7,Mainly clear
2025-04-20,27.0,40.0,33.1,979.5,1,7,37,114,17.4,Mainly clear
2025-04-21,26.3,40.4,33.8,982.2,3,20,23,265,11.9,Overcast
2025-04-22,24.6,39.5,32.6,983.6,0,0,10,277,12.2,Clear sky
2025-04-23,23.8,39.2,32.2,981.4,0,0,11,282,13.7,Clear sky
2025-04-24,24.4,40.4,32.8,979.1,0,0,11,277,15.3,Clear sky
2025-04-25,25.3,41.6,33.8,980.0,0,1,13,317,14.3,Clear sky
2025-04-26,26.0,41.5,34.3,980.0,3,51,13,260,18.8,Overcast
2025-04-27,28.3,40.8,34.5,981.2,3,25,14,326,11.2,Overcast
2025-04-28,26.5,41.1,33.0,979.9,3,11,20,97,17.3,Overcast
2025-04-29,25.0,37.5,31.3,980.9,0,2,35,108,15.0,Clear sky
2025-04-30,26.3,36.8,31.5,982.5,3,22,37,107,12.3,Overcast
2025-05-01,25.9,37.6,31.8,983.4,3,36,36,106,14.7,Overcast
2025-05-02,21.7,28.6,26.2,984.6,63,67,65,89,13.3,Moderate rain
2025-05-03,24.0,35.4,28.3,981.9,63,71,54,119,12.3,Moderate rain
2025-05-04,24.4,34.8,29.9,980.1,61,92,49,107,11.5,Slight rain
2025-05-05,24.2,35.6,28.5,981.2,51,90,58,88,13.4,Light drizzle
2025-05-06,22.2,34.4,27.4,981.3,51,71,62,88,19.3,Light drizzle
2025-05-07,23.7,33.3,27.8,980.8,51,69,62,88,10.7,Light drizzle
2025-05-08,23.9,32.4,28.3,981.1,63,47,61,77,11.6,Moderate rain
2025-05-09,25.1,37.1,30.7,982.1,55,32,49,114,9.8,Dense drizzle
2025-05-10,26.6,37.1,30.9,981.7,61,28,52,63,18.2,Slight rain
2025-05-11,25.1,38.2,31.7,980.1,1,9,49,310,14.0,Mainly clear
2025-05-12,25.5,39.6,33.0,979.0,1,3,35,294,13.5,Mainly clear
2025-05-13,28.1,41.3,34.7,979.0,3,10,24,280,18.7,Overcast
2025-05-14,28.5,41.2,35.3,979.1,0,1,21,287,16.2,Clear sky
2025-05-15,29.7,41.9,36.2,979.0,0,0,21,285,12.2,Clear sky
2025-05-16,28.8,42.7,35.8,978.2,1,6,24,299,18.1,Mainly clear
2025-05-17,29.2,42.8,35.7,977.7,1,13,28,265,19.7,Mainly clear
2025-05-18,29.5,42.1,35.2,977.7,1,5,31,307,14.4,Mainly clear
2025-05-19,28.2,42.0,34.5,977.8,1,5,45,105,12.8,Mainly clear
2025-05-20,28.0,42.6,34.9,976.2,3,12,45,99,20.6,Overcast
2025-05-21,29.8,43.0,34.8,976.7,3,15,45,114,22.6,Overcast
2025-05-22,25.0,37.0,31.4,977.6,1,3,55,117,14.7,Mainly clear
2025-05-23,26.4,38.2,32.3,976.0,61,6,52,108,14.0,Slight rain
2025-05-24,28.5,37.7,33.4,976.4,51,22,48,107,16.8,Light drizzle
2025-05-25,23.0,31.2,28.4,979.2,51,48,66,88,16.2,Light drizzle
2025-05-26,24.1,35.7,29.8,978.0,53,25,65,94,15.6,Moderate drizzle
2025-05-27,26.2,36.1,31.2,975.6,0,2,62,87,8.8,Clear sky
2025-05-28,27.4,39.5,33.2,974.2,2,9,55,104,11.3,Partly cloudy
2025-05-29,27.6,40.1,33.6,972.2,51,63,52,173,8.8,Light drizzle
2025-05-30,27.1,36.1,31.6,971.6,3,48,49,182,13.2,Overcast
2025-05-31,26.1,39.7,31.9,973.5,55,34,48,204,14.4,Dense drizzle
2025-06-01,26.4,37.3,31.0,974.6,63,49,48,225,18.6,Moderate rain
2025-06-02,24.1,37.1,30.9,974.7,51,42,48,249,10.3,Light drizzle
2025-06-03,25.8,34.6,30.2,976.8,3,61,46,259,12.3,Overcast
2025-06-04,24.5,36.4,28.8,979.6,51,55,55,80,19.8,Light drizzle
2025-06-05,24.4,37.2,30.9,982.2,2,14,46,202,9.4,Partly cloudy
2025-06-06,25.9,37.8,32.7,981.4,1,11,40,202,10.2,Mainly clear
2025-06-07,28.0,41.2,34.7,979.7,1,5,37,167,10.4,Mainly clear
2025-06-08,29.6,42.8,36.6,978.0,0,3,35,256,14.6,Clear sky
2025-06-09,30.0,43.7,37.5,976.3,0,0,29,289,16.5,Clear sky
2025-06-10,30.1,43.1,37.4,975.7,0,0,22,296,14.4,Clear sky
2025-06-11,30.1,43.6,37.1,976.1,0,0,32,335,11.6,Clear sky
2025-06-12,31.1,43.1,36.8,976.1,51,11,45,113,11.7,Light drizzle
2025-06-13,31.3,41.1,36.0,976.8,2,13,48,116,13.4,Partly cloudy
2025-06-14,30.6,42.9,36.2,975.0,51,9,47,110,13.5,Light drizzle
2025-06-15,29.6,37.9,33.8,973.9,53,44,53,125,18.5,Moderate drizzle
2025-06-16,24.8,32.0,29.4,974.7,65,80,81,81,13.8,Heavy rain
2025-06-17,25.2,33.7,29.1,975.2,63,70,82,86,11.1,Moderate rain
2025-06-18,24.0,33.2,28.9,973.9,55,63,79,127,7.8,Dense drizzle
2025-06-19,27.0,32.7,29.7,972.5,51,42,77,120,9.9,Light drizzle
2025-06-20,25.5,31.7,28.7,974.9,53,99,84,108,13.8,Moderate drizzle
2025-06-21,26.2,34.7,30.4,975.6,61,37,77,126,7.3,Slight rain
2025-06-22,28.0,34.0,31.0,974.8,53,68,74,130,8.1,Moderate drizzle
2025-06-23,27.8,35.7,31.5,972.9,51,32,74,113,8.6,Light drizzle
2025-06-24,27.3,36.1,31.2,972.2,51,33,75,123,7.6,Light drizzle
2025-06-25,26.5,32.1,29.1,975.0,65,83,84,93,12.0,Heavy rain
2025-06-26,26.0,34.5,30.6,976.7,63,85,76,100,11.6,Moderate rain
2025-06-27,27.7,33.7,30.7,975.9,51,62,75,101,8.8,Light drizzle
2025-06-28,25.6,35.8,30.8,974.7,63,73,74,146,8.5,Moderate rain
2025-06-29,26.1,33.4,29.5,972.5,63,100,79,157,12.4,Moderate rain
2025-06-30,25.4,31.7,27.8,973.6,63,93,87,120,10.1,Moderate rain
2025-07-01,25.0,33.2,28.7,974.5,63,57,84,84,10.1,Moderate rain
2025-07-02,26.9,33.2,29.9,974.4,51,30,81,100,10.3,Light drizzle
2025-07-03,26.6,33.5,30.1,975.0,51,62,78,104,11.0,Light drizzle
2025-07-04,26.7,34.2,30.3,975.2,51,19,78,104,8.4,Light drizzle
2025-07-05,26.5,35.2,30.9,974.1,61,33,77,140,7.1,Slight rain
2025-07-06,26.7,35.7,31.0,973.8,63,55,74,193,8.1,Moderate rain
2025-07-07,25.9,33.2,29.0,974.7,63,86,83,268,6.6,Moderate rain
2025-07-08,27.1,34.0,30.9,974.7,3,80,76,277,9.2,Overcast
2025-07-09,27.0,31.7,29.2,975.9,65,100,82,225,10.2,Heavy rain
2025-07-10,25.6,29.6,27.5,977.9,53,97,85,149,8.5,Moderate drizzle
2025-07-11,25.6,31.6,28.4,977.4,51,76,83,181,4.2,Light drizzle
2025-07-12,26.5,33.5,29.3,977.1,63,66,80,94,9.3,Moderate rain
2025-07-13,26.3,32.5,28.2,977.0,63,100,87,75,11.0,Moderate rain
2025-07-14,25.8,30.5,28.0,975.1,63,100,85,101,18.7,Moderate rain
2025-07-15,25.6,32.2,28.0,974.6,63,92,84,130,17.2,Moderate rain
2025-07-16,25.3,32.3,28.7,976.1,63,88,83,131,11.8,Moderate rain
2025-07-17,26.8,31.1,28.5,978.2,53,96,82,118,12.9,Moderate drizzle
2025-07-18,26.4,31.6,28.5,976.6,63,57,80,73,18.3,Moderate rain
2025-07-19,25.8,32.2,29.0,974.5,3,54,77,131,16.6,Overcast
2025-07-20,26.1,34.3,30.1,974.6,3,84,73,214,8.8,Overcast
2025-07-21,26.6,31.5,28.9,976.9,51,85,78,162,6.6,Light drizzle
2025-07-22,26.0,34.8,30.1,975.5,51,88,74,238,9.0,Light drizzle
2025-07-23,27.0,33.2,29.8,972.8,53,71,78,249,10.5,Moderate drizzle
2025-07-24,25.4,35.5,30.7,971.7,53,28,72,279,11.8,Moderate drizzle
2025-07-25,26.6,36.3,31.8,971.4,53,28,68,295,10.6,Moderate drizzle
2025-07-26,26.9,35.4,31.0,972.6,61,86,73,151,11.7,Slight rain
2025-07-27,28.8,36.3,32.1,972.6,51,75,68,100,12.3,Light drizzle
2025-07-28,28.1,36.6,32.1,972.7,53,84,67,127,9.7,Moderate drizzle
2025-07-29,27.2,32.9,29.2,973.5,53,96,82,110,7.6,Moderate drizzle
2025-07-30,26.2,31.6,27.9,974.3,63,99,88,102,10.4,Moderate rain
2025-07-31,25.3,31.5,27.7,975.0,65,99,88,144,9.9,Heavy rain
2025-08-01,25.5,32.0,28.3,975.9,63,83,85,222,10.6,Moderate rain
2025-08-02,26.0,32.4,29.1,976.2,53,92,79,254,10.9,Moderate drizzle
2025-08-03,26.8,33.1,29.7,977.3,53,100,77,255,11.8,Moderate drizzle
2025-08-04,26.2,31.0,28.6,978.7,51,98,82,236,12.1,Light drizzle
2025-08-05,26.9,30.1,27.9,978.9,63,95,84,211,10.9,Moderate rain
2025-08-06,26.3,32.1,28.7,979.4,51,81,80,242,9.0,Light drizzle
2025-08-07,26.0,33.9,29.9,978.0,3,42,72,274,12.8,Overcast
2025-08-08,26.4,33.1,29.9,979.1,3,79,70,271,11.9,Overcast
2025-08-09,26.1,30.5,27.8,981.2,63,85,84,299,7.2,Moderate rain
2025-08-10,25.9,32.1,28.9,979.9,51,79,83,309,5.9,Light drizzle
2025-08-11,26.6,33.9,29.8,978.5,61,99,78,260,11.3,Slight rain
2025-08-12,26.3,33.3,29.2,977.9,55,86,80,252,11.4,Dense drizzle
2025-08-13,26.9,33.4,30.3,977.0,3,100,74,270,8.5,Overcast
2025-08-14,26.3,29.6,27.8,979.7,63,90,88,110,7.5,Moderate rain
2025-08-15,25.3,31.7,28.4,978.6,61,60,86,103,7.0,Slight rain
2025-08-16,26.4,31.2,28.6,977.5,63,89,87,98,8.3,Moderate rain
2025-08-17,27.3,32.0,29.0,978.4,63,90,86,83,10.3,Moderate rain
2025-08-18,27.2,31.8,29.2,979.9,63,60,83,90,14.2,Moderate rain
2025-08-19,26.6,31.9,29.2,978.6,63,36,82,89,11.6,Moderate rain
2025-08-20,26.8,32.7,29.3,978.0,61,54,79,97,12.3,Slight rain
2025-08-21,25.6,33.6,29.7,978.1,65,62,78,95,12.8,Heavy rain
2025-08-22,25.3,34.2,30.3,975.9,61,87,75,123,7.6,Slight rain
2025-08-23,25.6,32.6,28.3,975.8,63,100,84,80,11.2,Moderate rain
2025-08-24,25.7,31.1,27.6,976.7,63,97,87,98,14.7,Moderate rain
2025-08-25,24.4,29.0,26.6,976.0,63,100,89,111,15.9,Moderate rain
2025-08-26,25.1,29.9,27.2,978.5,61,100,89,123,18.0,Slight rain
2025-08-27,25.2,32.6,28.4,978.5,53,65,86,118,8.4,Moderate drizzle
2025-08-28,25.3,32.4,28.6,978.0,63,99,86,120,9.7,Moderate rain
2025-08-29,25.0,31.3,27.9,979.1,63,100,88,111,12.2,Moderate rain
2025-08-30,26.0,31.8,28.4,980.7,61,85,84,104,12.3,Slight rain
2025-08-31,24.5,30.0,26.7,978.8,63,95,90,116,15.8,Moderate rain
2025-09-01,24.0,29.2,25.4,975.5,63,99,92,121,17.5,Moderate rain
2025-09-02,23.8,27.0,25.0,976.8,63,99,93,122,15.6,Moderate rain
2025-09-03,24.1,29.4,26.2,979.7,65,93,89,94,10.4,Heavy rain
2025-09-04,24.2,31.4,27.1,980.1,65,89,87,42,12.0,Heavy rain
2025-09-05,25.2,31.0,27.6,980.1,61,82,85,81,17.0,Slight rain
2025-09-06,24.5,31.2,27.7,980.6,63,98,85,101,14.1,Moderate rain
2025-09-07,24.8,31.9,28.0,980.3,55,54,85,122,11.0,Dense drizzle
2025-09-08,25.2,32.0,28.6,981.2,51,26,81,152,6.1,Light drizzle
2025-09-09,25.8,32.4,29.0,982.5,51,10,76,284,10.8,Light drizzle
2025-09-10,25.6,33.2,29.2,981.6,3,7,73,288,15.6,Overcast
2025-09-11,24.7,32.8,28.9,981.2,3,44,69,282,15.2,Overcast
2025-09-12,24.6,33.5,29.4,982.5,51,23,67,278,11.3,Light drizzle
2025-09-13,26.3,35.3,30.8,982.7,51,51,60,273,11.5,Light drizzle
2025-09-14,27.0,36.5,31.9,982.2,51,37,57,269,12.1,Light drizzle
2025-09-15,27.3,36.4,32.3,980.5,3,29,54,265,13.3,Overcast
2025-09-16,27.3,36.8,31.7,980.7,51,48,56,210,10.2,Light drizzle
2025-09-17,26.7,36.4,31.2,981.3,51,16,61,34,9.5,Light drizzle
2025-09-18,25.1,34.9,30.2,981.5,53,23,67,70,8.5,Moderate drizzle
2025-09-19,26.8,35.5,31.1,982.1,51,14,62,321,11.5,Light drizzle
2025-09-20,26.8,36.2,31.5,981.5,1,5,56,303,14.8,Mainly clear
2025-09-21,25.4,36.4,31.2,980.6,1,6,53,292,14.4,Mainly clear
2025-09-22,26.1,36.9,31.6,981.1,0,2,51,287,16.0,Clear sky
2025-09-23,26.1,36.7,31.5,980.8,1,3,47,295,16.7,Mainly clear
2025-09-24,25.8,36.1,31.0,979.3,0,0,50,290,15.6,Clear sky
2025-09-25,25.9,36.2,31.1,980.2,0,0,52,296,13.5,Clear sky
2025-09-26,25.8,37.0,31.6,981.4,0,0,52,315,14.0,Clear sky
2025-09-27,27.2,38.7,32.6,983.1,51,18,54,49,6.1,Light drizzle
2025-09-28,28.3,36.5,32.3,982.5,1,7,60,105,13.5,Mainly clear
2025-09-29,27.8,36.3,32.0,981.0,51,10,58,124,8.6,Light drizzle
