date,tmin_c,tmax_c,tmean_c,pressure_hpa,weather_code,cloud_cover_pct,humidity_pct,wind_dir_deg,wind_speed_kmh,weather_label,,mine
29-09-2025,21.7,28,24.2,937.4,53,69,88,187,9.6,Moderate drizzle,,ukwa mine
30-09-2025,21.6,29.6,24.4,936.8,63,83,87,249,7.7,Moderate rain,,ukwa mine
01-10-2025,20.7,29.3,24,936.5,63,87,91,334,15.5,Moderate rain,,ukwa mine
02-10-2025,21.6,28.9,23.9,937.9,61,85,91,3,14.2,Slight rain,,ukwa mine
03-10-2025,22,24.4,23.1,939.1,55,100,96,347,15.5,Dense drizzle,,ukwa mine
04-10-2025,22.3,29,24.3,940,53,99,89,303,15.8,Moderate drizzle,,ukwa mine
05-10-2025,21.8,28.4,23.9,941.1,63,93,91,296,10.9,Moderate rain,,ukwa mine
06-10-2025,21.4,27.5,23.7,941.9,61,79,87,308,7.6,Slight rain,,ukwa mine
07-10-2025,20.3,28.3,23.8,942.2,53,54,85,312,10.2,Moderate drizzle,,ukwa mine
08-10-2025,21.2,28.4,24.3,942.5,51,35,77,324,8.6,Light drizzle,,ukwa mine
09-10-2025,19.7,27.9,23.4,943.4,53,36,83,7,11.3,Moderate drizzle,,ukwa mine
10-10-2025,19.9,26.8,22.2,942.6,61,34,87,31,11.3,Slight rain,,ukwa mine
11-10-2025,19.4,26.8,22,942.5,51,28,87,27,11.2,Light drizzle,,ukwa mine
12-10-2025,18.5,26.1,21.8,942.4,51,18,86,40,7.6,Light drizzle,,ukwa mine
13-10-2025,19.2,27.5,23,943,51,16,82,51,7.3,Light drizzle,,ukwa mine
14-10-2025,20,27.8,23.4,942.2,51,12,80,108,12.7,Light drizzle,,ukwa mine
15-10-2025,19.6,28.2,23.7,942.1,51,12,79,101,11.4,Light drizzle,,ukwa mine
16-10-2025,20.6,27.5,23.6,942.7,51,10,78,71,7.8,Light drizzle,,ukwa mine
17-10-2025,20.3,28.3,23.9,943.8,51,7,73,38,9.1,Light drizzle,,ukwa mine
18-10-2025,19.5,28,23.2,943,0,3,70,20,10.4,Clear sky,,ukwa mine
19-10-2025,18.4,28.1,22.8,942.1,0,1,65,38,10.9,Clear sky,,ukwa mine
20-10-2025,19,27.7,22.8,942.3,51,12,78,81,15.1,Light drizzle,,ukwa mine
21-10-2025,20.5,28.1,23.6,943.3,55,22,82,89,16.4,Dense drizzle,,ukwa mine
22-10-2025,20.3,28.9,24,943.6,1,6,74,91,13.4,Mainly clear,,ukwa mine
23-10-2025,19.2,29.2,23.9,943,1,6,71,93,11.4,Mainly clear,,ukwa mine
24-10-2025,19.3,29.2,24,942.8,51,8,71,100,10.7,Light drizzle,,ukwa mine
25-10-2025,21.1,24.4,22.7,942.6,61,96,85,98,11.9,Slight rain,,ukwa mine
26-10-2025,20.5,25.9,21.9,942.7,61,89,94,91,10.9,Slight rain,,ukwa mine
27-10-2025,20.3,28,23.4,942.3,3,67,82,107,18.4,Overcast,,ukwa mine
28-10-2025,21.5,25.7,23.1,941.3,53,97,85,73,18.6,Moderate drizzle,,ukwa mine
29-10-2025,21.7,26.2,23.5,938.7,51,100,87,71,24.8,Light drizzle,,ukwa mine
30-10-2025,21.1,22.1,21.5,937.9,63,100,99,123,23.6,Moderate rain,,ukwa mine
31-10-2025,21.1,26.6,22.6,941.1,65,90,93,270,13.7,Heavy rain,,ukwa mine
01-11-2025,20.3,27.2,23.2,942.6,51,41,87,324,12.5,Light drizzle,,ukwa mine
02-11-2025,20.1,27.7,23.4,943,51,14,82,337,12.1,Light drizzle,,ukwa mine
03-11-2025,20.3,27.8,23.5,942.4,51,11,77,323,13.2,Light drizzle,,ukwa mine
04-11-2025,19.5,28.6,23.3,942,3,29,69,337,10.3,Overcast,,ukwa mine
05-11-2025,19.3,27.4,22.6,941.4,51,42,74,303,12.2,Light drizzle,,ukwa mine
06-11-2025,18.3,27.1,22,942.7,3,17,74,351,14.2,Overcast,,ukwa mine
07-11-2025,16.3,26.7,20.6,944.3,0,1,62,355,9.5,Clear sky,,ukwa mine
08-11-2025,14.1,25.1,18.8,945,0,0,62,356,10.2,Clear sky,,ukwa mine
09-11-2025,12.8,23.9,17.4,943.9,0,0,58,357,10.9,Clear sky,,ukwa mine
10-11-2025,13.9,24.7,18.1,943.9,0,0,51,358,8.3,Clear sky,,ukwa mine
11-11-2025,13.3,24.5,17.7,944.5,0,0,51,357,8.1,Clear sky,,ukwa mine
12-11-2025,14,24.9,18.5,945.5,0,0,52,357,9.8,Clear sky,,ukwa mine
13-11-2025,12.7,25.4,18.1,946.3,0,0,55,7,10.1,Clear sky,,ukwa mine
14-11-2025,14,25.1,18.4,946.1,0,0,51,9,9.2,Clear sky,,ukwa mine
15-11-2025,13.5,24.7,18,946.7,0,0,52,6,9.9,Clear sky,,ukwa mine
16-11-2025,11.6,24.3,17.1,947.6,0,0,55,3,12.7,Clear sky,,ukwa mine
17-11-2025,10.5,24.4,16.8,947.1,0,0,59,27,11,Clear sky,,ukwa mine
18-11-2025,11.8,25.1,17.5,945.3,0,0,60,14,8.5,Clear sky,,ukwa mine
19-11-2025,13.2,25.4,18.3,945.3,0,0,61,67,8.8,Clear sky,,ukwa mine
20-11-2025,14.3,25.9,19.2,946.2,0,0,62,66,11.4,Clear sky,,ukwa mine
21-11-2025,15.4,26.8,20.1,947.4,0,0,60,183,6.9,Clear sky,,ukwa mine
22-11-2025,16.3,27,20.7,946.4,3,7,55,234,6.2,Overcast,,ukwa mine
23-11-2025,15.9,26.9,20.7,946.2,3,44,54,345,7.7,Overcast,,ukwa mine
24-11-2025,16.6,27.7,21.2,946.9,3,21,62,39,12.1,Overcast,,ukwa mine
25-11-2025,16,26.3,20.5,946.6,2,9,67,47,11.7,Partly cloudy,,ukwa mine
26-11-2025,15.5,25.8,20.2,946.9,2,12,69,44,10.6,Partly cloudy,,ukwa mine
27-11-2025,14.3,24.9,19,947.1,0,0,62,24,15.5,Clear sky,,ukwa mine
28-11-2025,11.1,24,16.9,945.6,1,6,57,30,10.8,Mainly clear,,ukwa mine
29-11-2025,12.7,24.3,17.5,944.6,3,68,59,29,10,Overcast,,ukwa mine
30-11-2025,11.9,24.6,17.8,944.1,3,77,59,35,8.3,Overcast,,ukwa mine
01-12-2025,13.3,25.2,18.7,944.2,3,53,60,68,7.4,Overcast,,ukwa mine
02-12-2025,12.5,24.5,18.3,944.3,2,8,62,15,7.6,Partly cloudy,,ukwa mine
03-12-2025,12.8,24.6,17.9,946.1,0,1,65,35,9.8,Clear sky,,ukwa mine
04-12-2025,12.2,24.2,17.2,947.1,0,0,58,18,10,Clear sky,,ukwa mine
05-12-2025,10.8,23.5,16.4,948.1,3,34,62,3,12.4,Overcast,,ukwa mine
06-12-2025,9.4,23.9,15.7,947.8,3,86,52,3,10.4,Overcast,,ukwa mine
07-12-2025,10.7,24.8,16.8,947.5,3,92,49,10,10.8,Overcast,,ukwa mine
08-12-2025,11.2,25.2,17.2,947.2,3,14,43,7,11.8,Overcast,,ukwa mine
09-12-2025,11.6,25.3,17.2,946.9,2,3,45,5,14,Partly cloudy,,ukwa mine
10-12-2025,10.1,24.3,16.2,947.2,0,0,47,359,10.8,Clear sky,,ukwa mine
11-12-2025,10.2,24.5,16.4,946,0,0,52,357,10.7,Clear sky,,ukwa mine
12-12-2025,12.4,24.4,17.2,945.1,0,0,48,2,9.6,Clear sky,,ukwa mine
13-12-2025,12.8,24.6,17.5,945.4,0,0,51,10,11.8,Clear sky,,ukwa mine
14-12-2025,12.5,23.9,17,945.9,0,0,57,12,11.5,Clear sky,,ukwa mine
15-12-2025,11.6,24.1,16.9,946.3,0,0,64,357,8.3,Clear sky,,ukwa mine
16-12-2025,10.6,25.1,16.9,946,0,0,63,337,8,Clear sky,,ukwa mine
17-12-2025,10.2,25.8,16.7,946.8,0,0,56,358,10.4,Clear sky,,ukwa mine
18-12-2025,11.3,23.6,16.2,946.6,0,0,59,356,12.4,Clear sky,,ukwa mine
19-12-2025,10.3,22,15.1,944.6,0,0,69,357,12.9,Clear sky,,ukwa mine
20-12-2025,8.9,23.5,15.2,943.5,1,2,65,357,12.8,Mainly clear,,ukwa mine
21-12-2025,10.7,23.7,16.2,944.7,3,70,54,358,11.3,Overcast,,ukwa mine
22-12-2025,10.5,23.5,15.9,944.6,3,42,62,356,11.4,Overcast,,ukwa mine
23-12-2025,10.2,24.2,16.1,944.2,3,10,61,6,13.2,Overcast,,ukwa mine
24-12-2025,10.6,23.8,16.3,944.4,3,41,61,6,12.4,Overcast,,ukwa mine
25-12-2025,11.2,23.1,16.1,945,3,12,61,4,8.1,Overcast,,ukwa mine
26-12-2025,10.5,23.1,15.9,944.8,0,0,62,358,9.4,Clear sky,,ukwa mine
27-12-2025,9.8,23.1,15.2,944.8,0,0,57,350,9.2,Clear sky,,ukwa mine
28-12-2025,9.4,23.6,15.3,945.3,0,0,54,353,9,Clear sky,,ukwa mine
29-12-2025,9.8,24.4,16,945,0,0,53,359,8.4,Clear sky,,ukwa mine
30-12-2025,10.3,24.8,17,943.7,3,11,47,283,6.6,Overcast,,ukwa mine
31-12-2025,13.7,24,17.8,942.1,0,1,43,244,8.4,Clear sky,,ukwa mine
01-01-2026,13.2,23.7,18.3,943,3,9,47,239,10,Overcast,,ukwa mine
02-01-2026,14.4,23.9,18.8,945.1,2,18,54,314,13,Partly cloudy,,ukwa mine
03-01-2026,13.7,24.2,18,945.9,2,21,65,331,13.1,Partly cloudy,,ukwa mine
04-01-2026,12,23.5,16.8,946.8,1,6,73,347,12.9,Mainly clear,,ukwa mine
05-01-2026,10.1,21.4,14.5,947.7,0,0,59,359,12.1,Clear sky,,ukwa mine
06-01-2026,9.3,23,15.2,947.6,0,0,49,358,8.8,Clear sky,,ukwa mine
07-01-2026,11.9,23.4,16.9,948.4,0,2,48,17,12,Clear sky,,ukwa mine
08-01-2026,11.9,23.1,16.5,948.5,2,8,54,42,11.9,Partly cloudy,,ukwa mine
09-01-2026,11.5,23.3,16.2,948,3,65,55,48,13.3,Overcast,,ukwa mine
10-01-2026,11.4,23.7,16.4,947.3,3,17,50,41,10.3,Overcast,,ukwa mine
11-01-2026,11,23.5,16.5,948.6,0,0,52,44,9.4,Clear sky,,ukwa mine
12-01-2026,11.1,23.7,16.9,949,0,0,50,57,10.5,Clear sky,,ukwa mine
13-01-2026,11.1,24.2,17.2,948.1,0,0,53,2,11.3,Clear sky,,ukwa mine
14-01-2026,13.7,24.7,18.2,945.7,1,3,55,325,14.7,Mainly clear,,ukwa mine
15-01-2026,11.9,24.1,16.9,945.4,0,0,55,356,11.2,Clear sky,,ukwa mine
16-01-2026,11.1,25.1,16.8,945,1,2,46,2,8.6,Mainly clear,,ukwa mine
17-01-2026,13.8,26.5,19.1,943.8,3,8,40,342,6.8,Overcast,,ukwa mine
18-01-2026,15.8,26.8,20.1,942.3,1,5,36,231,9.2,Mainly clear,,ukwa mine
19-01-2026,12.7,26.9,19.4,943.4,2,3,46,187,11,Partly cloudy,,ukwa mine
20-01-2026,13.5,26.3,19.5,944.4,3,22,52,323,9.3,Overcast,,ukwa mine
21-01-2026,13.2,25,18.9,946,3,41,55,28,8.8,Overcast,,ukwa mine
22-01-2026,14.7,25.3,19,946.2,2,14,46,85,11.6,Partly cloudy,,ukwa mine
23-01-2026,13.9,25.3,18.8,946.6,2,15,46,167,12.3,Partly cloudy,,ukwa mine
24-01-2026,14,25.5,19.3,947.8,3,34,50,136,11.5,Overcast,,ukwa mine
25-01-2026,13.2,26.4,19.2,946.7,3,22,51,160,9.4,Overcast,,ukwa mine
26-01-2026,14.1,26.5,19.5,947.8,1,5,50,144,8.9,Mainly clear,,ukwa mine
27-01-2026,13.8,26.8,19.9,947.8,0,1,50,163,9.3,Clear sky,,ukwa mine
28-01-2026,16.5,25.1,20,946.9,51,14,60,274,12.1,Light drizzle,,ukwa mine
29-01-2026,14.2,25.5,18.5,947.1,3,43,74,352,11.9,Overcast,,ukwa mine
30-01-2026,12.6,26.1,18.5,947.2,3,86,61,343,10.5,Overcast,,ukwa mine
31-01-2026,13.3,26.9,19.2,947.3,3,99,46,358,14.2,Overcast,,ukwa mine
01-02-2026,14.4,27.3,20.1,947.5,3,85,53,34,10.4,Overcast,,ukwa mine
02-02-2026,14.5,26.7,20.1,947.5,3,34,50,88,9.7,Overcast,,ukwa mine
03-02-2026,15.5,26.8,20.9,947.9,2,22,50,126,12.9,Partly cloudy,,ukwa mine
04-02-2026,14.6,26.2,19.7,948.5,2,17,58,71,9.4,Partly cloudy,,ukwa mine
05-02-2026,13.9,27,19.8,948.4,2,12,58,352,11.7,Partly cloudy,,ukwa mine
06-02-2026,14.1,26.6,19.2,948.2,0,0,52,350,15.7,Clear sky,,ukwa mine
07-02-2026,12.7,25.6,18,946.8,0,0,51,354,14.5,Clear sky,,ukwa mine
08-02-2026,14.4,25.9,18.9,945.6,0,0,44,25,10.3,Clear sky,,ukwa mine
09-02-2026,14.4,26.7,19.4,944.9,0,0,44,350,11.4,Clear sky,,ukwa mine
10-02-2026,15.2,27.9,20.4,945.8,0,0,42,18,11,Clear sky,,ukwa mine
11-02-2026,14.9,28.6,20.9,947.4,0,2,43,52,13.1,Clear sky,,ukwa mine
12-02-2026,14.6,29.1,21.3,946.8,2,8,45,36,13.3,Partly cloudy,,ukwa mine
13-02-2026,15.4,29.1,21.5,945.7,3,65,48,3,13,Overcast,,ukwa mine
14-02-2026,16.8,28.7,22,944.7,2,12,47,357,16.2,Partly cloudy,,ukwa mine
15-02-2026,16.4,28.5,21.5,944.7,2,9,43,359,13.5,Partly cloudy,,ukwa mine
16-02-2026,14.3,28.3,20.9,944.1,0,0,35,57,10.4,Clear sky,,ukwa mine
17-02-2026,15.6,28.8,21.4,944.1,0,0,38,47,12.2,Clear sky,,ukwa mine
18-02-2026,16.6,29.3,22.2,943.9,3,16,40,156,8.5,Overcast,,ukwa mine
19-02-2026,16.3,30,22,945,1,3,43,118,10.1,Mainly clear,,ukwa mine
20-02-2026,15.9,30.5,22.4,946.2,1,4,42,62,14.7,Mainly clear,,ukwa mine
21-02-2026,16.3,29.7,22,943.5,3,17,47,335,15.2,Overcast,,ukwa mine
22-02-2026,18.3,29.8,23.6,941.2,2,15,46,299,13.8,Partly cloudy,,ukwa mine
23-02-2026,17.9,27.7,22.5,941,51,29,47,231,12.9,Light drizzle,,ukwa mine
24-02-2026,17.5,27.9,22.3,942.5,2,24,44,305,14.7,Partly cloudy,,ukwa mine
25-02-2026,16.2,28.8,21.9,943.4,3,16,41,354,15.4,Overcast,,ukwa mine
26-02-2026,16.7,29.5,22.5,942.3,2,11,36,351,18.6,Partly cloudy,,ukwa mine
27-02-2026,17.6,30,23.5,940.4,3,23,37,267,16.5,Overcast,,ukwa mine
28-02-2026,18.9,29.9,24.5,939.9,3,29,42,229,15.9,Overcast,,ukwa mine
01-03-2026,19.7,31.5,25.1,940.6,2,8,40,295,16.6,Partly cloudy,,ukwa mine
02-03-2026,17.1,31,23.6,943.1,0,0,40,0,13.2,Clear sky,,ukwa mine
03-03-2026,18.5,31.7,24.4,944.1,0,0,35,355,14.1,Clear sky,,ukwa mine
04-03-2026,17.7,32.6,24.3,944.3,0,0,34,354,13.4,Clear sky,,ukwa mine
05-03-2026,19.1,32.9,25,942.7,0,0,32,335,17.3,Clear sky,,ukwa mine
06-03-2026,18.3,33.1,25.1,941.7,0,0,35,341,15.1,Clear sky,,ukwa mine
07-03-2026,18.8,32.8,25.2,942.5,0,0,38,358,14.5,Clear sky,,ukwa mine
08-03-2026,17.5,33.8,25.2,943.2,0,0,41,1,15.9,Clear sky,,ukwa mine
09-03-2026,18.8,34.6,26.2,943.9,0,0,34,13,13.2,Clear sky,,ukwa mine
10-03-2026,21.5,34.5,27.1,945.1,0,0,32,1,15.5,Clear sky,,ukwa mine
11-03-2026,20.4,33.9,26.3,944.5,0,0,30,5,14.8,Clear sky,,ukwa mine
12-03-2026,21.7,35.3,27.5,942.1,0,0,25,341,14.5,Clear sky,,ukwa mine
13-03-2026,22.6,35.2,28.4,941.2,0,0,21,332,12.1,Clear sky,,ukwa mine
14-03-2026,23.6,34.5,28.4,941.8,0,1,22,221,15.1,Clear sky,,ukwa mine
15-03-2026,23.1,33.9,27.8,942.1,2,14,31,228,18.6,Partly cloudy,,ukwa mine
16-03-2026,22.1,32.7,26.8,940.9,3,37,34,230,17.1,Overcast,,ukwa mine
17-03-2026,21.5,32.3,26.6,941.2,3,30,35,215,16.1,Overcast,,ukwa mine
18-03-2026,21.2,30.1,25.6,943,3,91,40,213,19,Overcast,,ukwa mine
19-03-2026,19.2,31.6,25,943.4,3,53,41,231,17,Overcast,,ukwa mine
20-03-2026,18.6,27.8,22.6,941.8,55,62,47,273,14.3,Dense drizzle,,ukwa mine
21-03-2026,16.4,29,22.1,942.8,3,14,43,353,15.2,Overcast,,ukwa mine
22-03-2026,15.8,30.4,22.8,943.7,3,30,36,1,17.7,Overcast,,ukwa mine
23-03-2026,17.9,31.7,25,943.1,3,37,35,241,13.5,Overcast,,ukwa mine
24-03-2026,21,32.1,26.3,941.6,3,23,32,242,15.8,Overcast,,ukwa mine
25-03-2026,19.5,33.5,26.6,941.9,3,23,37,341,11.3,Overcast,,ukwa mine
26-03-2026,21.4,34.3,28,943.2,1,11,33,8,10.4,Mainly clear,,ukwa mine
27-03-2026,22.9,35.2,29.1,940.5,3,32,27,253,19.8,Overcast,,ukwa mine
28-03-2026,21.2,35.3,28.2,938.5,3,19,29,299,18.9,Overcast,,ukwa mine
29-03-2026,23.5,35.4,29.3,939.5,1,8,30,255,14,Mainly clear,,ukwa mine
30-03-2026,23.9,35.7,29.3,940.5,51,24,36,290,13.2,Light drizzle,,ukwa mine
31-03-2026,19.2,33,26.3,942.4,55,59,48,210,14.5,Dense drizzle,,ukwa mine
01-04-2026,22.9,33.5,27.8,942.3,3,31,38,230,11.2,Overcast,,ukwa mine
02-04-2026,23.9,32,26.9,943,3,70,42,237,14.8,Overcast,,ukwa mine
03-04-2026,22.3,34.7,27.5,942.6,3,56,46,309,17.3,Overcast,,ukwa mine
04-04-2026,23.2,31.4,27,941.8,53,95,44,286,13.8,Moderate drizzle,,ukwa mine
05-04-2026,21.3,31.1,26,940.9,53,25,45,268,15.4,Moderate drizzle,,ukwa mine
06-04-2026,20.5,32.4,26.3,940.6,3,22,36,302,16.3,Overcast,,ukwa mine
07-04-2026,19.9,32,25.8,940.5,1,10,38,257,13.8,Mainly clear,,ukwa mine
08-04-2026,21.9,30.2,25.7,940.2,53,22,43,291,17.7,Moderate drizzle,,ukwa mine
09-04-2026,19.4,31.9,25.3,942.1,1,9,46,339,16.2,Mainly clear,,ukwa mine
10-04-2026,18.8,33,25.3,943.9,0,0,37,3,15.2,Clear sky,,ukwa mine
11-04-2026,19,33.7,25.9,943.2,0,0,28,2,14.2,Clear sky,,ukwa mine
12-04-2026,20.6,35.2,28.4,940.4,0,0,25,216,13.7,Clear sky,,ukwa mine
13-04-2026,21.7,36.7,29,941,0,0,30,319,17.6,Clear sky,,ukwa mine
14-04-2026,23.1,37.2,29.9,940.9,0,1,30,323,12.9,Clear sky,,ukwa mine
15-04-2026,23,37,30,938.5,1,2,27,230,18,Mainly clear,,ukwa mine
16-04-2026,24.1,38.4,31.2,938.8,3,10,26,303,13.5,Overcast,,ukwa mine
17-04-2026,24.2,38.9,31.1,940.3,3,58,25,81,14.4,Overcast,,ukwa mine
18-04-2026,25.1,39.5,31.6,940,3,87,27,103,11.1,Overcast,,ukwa mine
19-04-2026,24.2,38.8,31.5,939.5,3,40,23,268,14,Overcast,,ukwa mine
20-04-2026,25.2,37.9,30.5,939.8,53,79,28,285,17,Moderate drizzle,,ukwa mine
21-04-2026,25.2,37.6,30.8,939.5,3,38,27,273,15.1,Overcast,,ukwa mine
22-04-2026,24.8,38.3,30.7,939.5,3,72,24,311,19.4,Overcast,,ukwa mine
23-04-2026,24.8,37.7,31.3,939.9,3,83,19,345,17.2,Overcast,,ukwa mine
24-04-2026,25.4,38.3,31.3,939.6,3,46,22,328,12.2,Overcast,,ukwa mine
25-04-2026,25.1,39.2,32.2,940.1,3,32,23,320,11.3,Overcast,,ukwa mine
26-04-2026,25.8,38.7,31.8,938.8,3,17,26,232,14.5,Overcast,,ukwa mine
27-04-2026,26.7,38,31.3,937.5,3,17,31,249,16.9,Overcast,,ukwa mine
28-04-2026,26.5,39.1,31.3,937.2,1,6,30,250,18.3,Mainly clear,,ukwa mine
29-04-2026,25.3,37.7,31.1,937,0,2,29,243,24.2,Clear sky,,ukwa mine
30-04-2026,26,36.6,30.2,938,51,30,29,298,21.4,Light drizzle,,ukwa mine
01-05-2026,22.2,35,28.4,937.9,51,32,42,281,18.1,Light drizzle,,ukwa mine
02-05-2026,21.7,36,29,936.8,51,37,44,265,25.7,Light drizzle,,ukwa mine
03-05-2026,23.2,35.7,29.1,937.3,1,11,41,222,13.1,Mainly clear,,ukwa mine
04-05-2026,23.3,35.6,29.8,938,2,11,36,197,18.6,Partly cloudy,,ukwa mine
05-05-2026,22.3,34.2,28.1,940,1,8,45,170,18.9,Mainly clear,,ukwa mine
06-05-2026,21.4,32.3,26.6,939.8,1,10,48,225,13.9,Mainly clear,,ukwa mine
07-05-2026,22.3,33.9,28.2,940.6,3,26,38,218,13.2,Overcast,,ukwa mine
08-05-2026,22.4,33.4,28,941.2,2,9,41,226,10.9,Partly cloudy,,ukwa mine
09-05-2026,19.4,33.4,27.3,940.7,51,25,48,220,20.6,Light drizzle,,ukwa mine
10-05-2026,22.3,33.3,27.6,939.4,51,5,47,203,13.1,Light drizzle,,ukwa mine
11-05-2026,23.2,34.8,28.9,939.1,1,5,46,211,15.9,Mainly clear,,ukwa mine
12-05-2026,24.4,36.3,30.4,938.1,1,4,41,293,17.1,Mainly clear,,ukwa mine
13-05-2026,26.1,36.5,30.7,936.8,53,21,46,222,19.8,Moderate drizzle,,ukwa mine
14-05-2026,25.3,37.2,31,936,51,15,44,210,16.8,Light drizzle,,ukwa mine
15-05-2026,24.9,35.2,30.6,935.9,51,20,48,196,19.7,Light drizzle,,ukwa mine
16-05-2026,25.7,37.6,31.1,936.6,51,17,46,157,12.6,Light drizzle,,ukwa mine
17-05-2026,25.1,36.4,30.6,937.5,3,18,48,219,16.4,Overcast,,ukwa mine
18-05-2026,26.2,36.7,31.5,936.9,51,11,42,219,17.3,Light drizzle,,ukwa mine
19-05-2026,27.2,37.2,31.9,936.8,2,14,41,224,18.4,Partly cloudy,,ukwa mine
20-05-2026,27.6,39.3,33.1,936,3,45,36,247,14,Overcast,,ukwa mine
21-05-2026,27.7,39.1,33.2,936.8,2,8,28,341,20.7,Partly cloudy,,ukwa mine
22-05-2026,26.6,39.3,32.6,938.1,3,33,26,357,17.5,Overcast,,ukwa mine
23-05-2026,27.1,38.8,32.5,938.2,2,15,27,330,16.6,Partly cloudy,,ukwa mine
24-05-2026,27,38.7,32.7,938.4,2,7,28,343,15.9,Partly cloudy,,ukwa mine
25-05-2026,27.3,39.6,33.5,938,3,16,28,356,16,Overcast,,ukwa mine
26-05-2026,28.8,38.8,33.3,938.2,3,16,30,310,15.9,Overcast,,ukwa mine
27-05-2026,28.6,39,33.1,937.8,1,7,29,299,16.9,Mainly clear,,ukwa mine
28-05-2026,28.4,40,33.7,937.8,1,19,28,318,14.6,Mainly clear,,ukwa mine
29-05-2026,25.7,37.3,32.1,937.7,53,16,37,279,19.2,Moderate drizzle,,ukwa mine
30-05-2026,22.2,35.2,28.2,937.8,63,24,59,62,19,Moderate rain,,ukwa mine
31-05-2026,21.5,34.4,28.4,939.5,3,22,54,226,11.7,Overcast,,ukwa mine
01-06-2026,24.1,34.1,29.2,940.2,51,26,49,214,8.7,Light drizzle,,ukwa mine
02-06-2026,23.6,34.1,29.3,939.1,51,13,48,311,12.3,Light drizzle,,ukwa mine
03-06-2026,25.2,34.4,30,937.2,51,10,45,263,11,Light drizzle,,ukwa mine
04-06-2026,25.6,34.8,30,935.9,51,21,50,282,13.3,Light drizzle,,ukwa mine
05-06-2026,24.5,33.9,29.6,936,51,11,48,306,12,Light drizzle,,ukwa mine
06-06-2026,24.7,34.1,28.9,936.5,53,11,53,337,18.2,Moderate drizzle,,ukwa mine
07-06-2026,24.5,35.3,30.2,937.3,51,35,47,317,12.7,Light drizzle,,ukwa mine
08-06-2026,26.8,36.5,31.5,936.4,53,61,46,287,13.2,Moderate drizzle,,ukwa mine
09-06-2026,24.3,37.1,30.7,935.7,53,64,53,284,15.7,Moderate drizzle,,ukwa mine
10-06-2026,26.3,36,31.2,936.1,51,46,47,296,17.1,Light drizzle,,ukwa mine
11-06-2026,24.6,35.7,30.4,936.3,55,16,51,226,14.4,Dense drizzle,,ukwa mine
12-06-2026,24.8,34.4,29.3,938,51,38,55,211,16.6,Light drizzle,,ukwa mine
13-06-2026,23.8,32.5,27.9,938.4,51,31,61,278,12.7,Light drizzle,,ukwa mine
14-06-2026,21.4,34.6,27.9,937.2,63,46,62,306,19,Moderate rain,,ukwa mine
15-06-2026,24.8,33.5,29,937.6,3,46,52,339,16.8,Overcast,,ukwa mine
16-06-2026,25.5,35.3,29.5,938.3,51,36,53,9,14.3,Light drizzle,,ukwa mine
17-06-2026,24.4,34.6,29.4,938.6,51,29,56,334,17.4,Light drizzle,,ukwa mine
18-06-2026,23.7,33.2,28.4,938.3,55,40,61,308,13.6,Dense drizzle,,ukwa mine
19-06-2026,21.1,32.9,27.3,938.3,63,65,70,175,13.4,Moderate rain,,ukwa mine
20-06-2026,24.2,34,29.2,938.7,51,48,53,277,12.9,Light drizzle,,ukwa mine
21-06-2026,25.2,33.5,29.1,937.9,51,57,58,304,15.4,Light drizzle,,ukwa mine
22-06-2026,24,33.5,28.4,938.1,63,43,64,258,16.2,Moderate rain,,ukwa mine
23-06-2026,22.8,31.8,26.1,937.3,61,64,77,248,16.7,Slight rain,,ukwa mine
24-06-2026,22.2,30.7,25.9,936.4,55,56,81,240,13.2,Dense drizzle,,ukwa mine
25-06-2026,22.9,32.1,26.3,936.6,55,77,81,250,10,Dense drizzle,,ukwa mine
26-06-2026,23.8,32.4,26.6,937.4,63,63,83,334,10.5,Moderate rain,,ukwa mine
27-06-2026,24.2,32.8,26.9,937.1,63,67,80,228,11,Moderate rain,,ukwa mine
28-06-2026,23.6,32.3,26.4,936.1,63,91,85,221,11.8,Moderate rain,,ukwa mine
29-06-2026,23.1,31.4,26.8,935.5,61,90,82,236,16.3,Slight rain,,ukwa mine
30-06-2026,22.8,28,24.7,935.3,63,98,91,262,14.8,Moderate rain,,ukwa mine
01-07-2026,22,27.5,23.9,934.5,63,96,95,288,11,Moderate rain,,ukwa mine
02-07-2026,22.1,25.8,23.3,934.2,65,100,96,293,12.4,Heavy rain,,ukwa mine
03-07-2026,22.5,27.1,23.9,933,63,99,96,288,15,Moderate rain,,ukwa mine
04-07-2026,22.8,29.5,24.8,931.4,63,97,94,293,13.6,Moderate rain,,ukwa mine
05-07-2026,22.4,30.3,24.5,931.6,63,99,93,264,13.4,Moderate rain,,ukwa mine
06-07-2026,22.5,25.3,23.9,931.4,61,100,97,245,15.8,Slight rain,,ukwa mine
07-07-2026,22.5,27.1,24.1,931.5,63,92,93,214,23.3,Moderate rain,,ukwa mine
08-07-2026,22.7,27.5,24.2,932.7,61,87,92,211,23.5,Slight rain,,ukwa mine
09-07-2026,22.6,30,24.6,935.4,63,97,92,245,16.3,Moderate rain,,ukwa mine
10-07-2026,22.3,30.3,25.8,936.9,53,93,80,259,16,Moderate drizzle,,ukwa mine
11-07-2026,22.6,29.9,26.3,936.1,51,76,73,266,19.5,Light drizzle,,ukwa mine
12-07-2026,23.9,30.6,26.7,934.7,51,74,72,263,17.1,Light drizzle,,ukwa mine
13-07-2026,23.9,31.3,27,935.3,51,93,74,282,18,Light drizzle,,ukwa mine
14-07-2026,24.4,31.6,27.2,936.2,53,80,73,306,20.3,Moderate drizzle,,ukwa mine
15-07-2026,24.6,30.1,26.7,936.9,51,96,72,298,13.4,Light drizzle,,ukwa mine
16-07-2026,23.2,29.8,26.1,936.9,63,99,81,300,17.4,Moderate rain,,ukwa mine
17-07-2026,22.7,25.9,23.5,936.9,63,100,97,275,18.8,Moderate rain,,ukwa mine
18-07-2026,22.2,27.7,24.2,936.6,63,99,94,268,16.1,Moderate rain,,ukwa mine
19-07-2026,22.6,28.9,24.9,936.7,63,99,92,283,11.2,Moderate rain,,ukwa mine
20-07-2026,22.7,28.2,24.4,936.5,63,100,94,269,12.3,Moderate rain,,ukwa mine
21-07-2026,22.4,25.6,23.1,935.6,63,100,98,246,14.8,Moderate rain,,ukwa mine
22-07-2026,22,23.4,22.4,934.1,63,100,98,234,20.4,Moderate rain,,ukwa mine
23-07-2026,21.4,23.7,22.1,934.3,61,92,97,221,20.4,Slight rain,,ukwa mine
24-07-2026,21.5,28.4,24.3,935.3,53,71,87,225,17,Moderate drizzle,,ukwa mine
25-07-2026,22.5,29.1,25.6,935.9,53,94,85,240,12.2,Moderate drizzle,,ukwa mine
26-07-2026,22.2,29.2,25.3,935.3,55,94,88,286,11.8,Dense drizzle,,ukwa mine
27-07-2026,22.5,29.4,24.7,934.1,63,93,92,281,12.2,Moderate rain,,ukwa mine
28-07-2026,22.5,30.6,24.9,932.8,65,93,91,305,14.5,Heavy rain,,ukwa mine
29-07-2026,23,29,24.4,929.5,63,91,93,340,20.8,Moderate rain,,ukwa mine
30-07-2026,22.4,27.7,24.5,927.2,53,77,88,59,25.9,Moderate drizzle,,ukwa mine
31-07-2026,22.6,27.1,24.2,930.3,51,86,90,164,24.9,Light drizzle,,ukwa mine
01-08-2026,22.7,27.9,25,933.7,53,87,87,205,18,Moderate drizzle,,ukwa mine
02-08-2026,23,29.6,25.9,935.8,51,81,82,231,15.7,Light drizzle,,ukwa mine
03-08-2026,23.4,29.8,26.3,936.8,53,99,83,238,12.4,Moderate drizzle,,ukwa mine
04-08-2026,22.7,29.1,25.3,937.2,55,99,88,285,10.2,Dense drizzle,,ukwa mine
05-08-2026,22.7,28.2,24.7,935.6,63,97,93,238,10.6,Moderate rain,,ukwa mine
06-08-2026,22.9,28.1,24.8,934.9,61,99,89,247,10.7,Slight rain,,ukwa mine
07-08-2026,22.3,26.9,23.9,934.2,63,98,92,293,13.6,Moderate rain,,ukwa mine
08-08-2026,22.1,28.2,23.9,934.5,63,99,95,311,16.7,Moderate rain,,ukwa mine
09-08-2026,22.1,24.6,22.8,934.8,63,97,98,271,17.5,Moderate rain,,ukwa mine
10-08-2026,22.3,28.6,24.1,934.9,63,85,91,245,17.5,Moderate rain,,ukwa mine
11-08-2026,21.7,26.6,23.5,934.7,63,75,94,231,12.6,Moderate rain,,ukwa mine
12-08-2026,22.4,27.9,24.2,935.7,53,79,93,230,15.5,Moderate drizzle,,ukwa mine
13-08-2026,22.6,28.1,24.2,936.9,63,93,94,261,12.7,Moderate rain,,ukwa mine
14-08-2026,22.4,26.9,24.1,936.4,53,99,91,291,15.8,Moderate drizzle,,ukwa mine
15-08-2026,22.3,26.6,23.6,935.4,63,100,96,281,17.4,Moderate rain,,ukwa mine
16-08-2026,22.5,25.9,23.4,935.7,61,95,97,286,18.4,Slight rain,,ukwa mine
17-08-2026,22.1,26.1,23.4,937.7,61,100,94,278,15.6,Slight rain,,ukwa mine
18-08-2026,21.9,25.5,23,938,53,100,95,275,15,Moderate drizzle,,ukwa mine
19-08-2026,22.1,23.6,22.7,937.2,63,100,98,286,15.9,Moderate rain,,ukwa mine
20-08-2026,22,27.4,23.7,936.8,63,85,94,280,18,Moderate rain,,ukwa mine
21-08-2026,22.2,26,23.5,936.3,63,98,95,282,17.1,Moderate rain,,ukwa mine
22-08-2026,22.1,24.5,23.3,935.9,63,100,98,311,19.3,Moderate rain,,ukwa mine
23-08-2026,22.8,27,24.1,936.7,63,97,96,338,16.3,Moderate rain,,ukwa mine
24-08-2026,22.4,25.4,23.6,936.4,63,100,97,324,13.7,Moderate rain,,ukwa mine
25-08-2026,22.1,27.7,23.9,936.2,61,98,94,283,14.3,Slight rain,,ukwa mine
26-08-2026,22.6,27.9,24.3,936.4,63,97,93,252,15,Moderate rain,,ukwa mine
27-08-2026,22.3,26.8,23.7,936.6,63,97,95,284,19.3,Moderate rain,,ukwa mine
28-08-2026,21.6,27.7,23.9,936.9,53,95,90,287,17.9,Moderate drizzle,,ukwa mine
29-08-2026,22,26.3,22.9,936.5,65,99,97,287,16.9,Heavy rain,,ukwa mine
30-08-2026,21.6,25.8,23.3,936.9,51,100,91,312,20.1,Light drizzle,,ukwa mine
31-08-2026,21.6,24.4,22.6,937.3,63,99,95,303,21.3,Moderate rain,,ukwa mine
01-09-2026,21.2,26.3,23.5,937.9,55,100,88,302,18.8,Dense drizzle,,ukwa mine
02-09-2026,21.1,22.7,21.9,937.9,63,100,98,269,16.8,Moderate rain,,ukwa mine
03-09-2026,20.7,24.2,21.9,937.1,63,100,97,251,19.1,Moderate rain,,ukwa mine
04-09-2026,21.3,26.5,22.9,938.5,61,66,92,239,17.7,Slight rain,,ukwa mine
05-09-2026,20.6,25.6,22.4,940.3,53,75,94,230,15.7,Moderate drizzle,,ukwa mine
06-09-2026,21.9,27.4,24.4,941.1,51,56,86,240,16.9,Light drizzle,,ukwa mine
07-09-2026,21.6,28.3,24.3,940.9,61,32,88,264,14.4,Slight rain,,ukwa mine
08-09-2026,22.2,29.5,25.4,940.5,51,34,82,306,13.4,Light drizzle,,ukwa mine
09-09-2026,22.4,29.3,25.5,940.3,53,72,80,326,15.8,Moderate drizzle,,ukwa mine
10-09-2026,23,29.4,25.8,939.6,53,87,77,343,18,Moderate drizzle,,ukwa mine
11-09-2026,22.1,27.6,23.9,938,63,94,93,16,12.8,Moderate rain,,ukwa mine
12-09-2026,21.7,27.3,23.6,937.1,61,85,93,81,19.6,Slight rain,,ukwa mine
13-09-2026,21.9,23.6,22.6,940.2,65,88,95,180,20.2,Heavy rain,,ukwa mine
14-09-2026,21.1,27.2,23.6,943,53,29,87,194,17.2,Moderate drizzle,,ukwa mine
15-09-2026,21.5,27.8,24.1,943.3,53,21,87,231,9,Moderate drizzle,,ukwa mine
16-09-2026,22,29,25.1,942.7,53,18,83,268,8.5,Moderate drizzle,,ukwa mine
17-09-2026,22.8,29.1,25.3,941.6,61,24,83,266,10.2,Slight rain,,ukwa mine
18-09-2026,22.3,29.1,25.1,941.7,61,52,85,307,12,Slight rain,,ukwa mine
19-09-2026,21.8,29.6,24.6,942.4,61,59,90,18,7.1,Slight rain,,ukwa mine
20-09-2026,21.5,29,24.6,943.1,61,81,90,58,9.2,Slight rain,,ukwa mine
21-09-2026,21.8,28.4,24.6,941.4,55,60,88,27,9.4,Dense drizzle,,ukwa mine
22-09-2026,21.9,28.5,24.2,939.3,61,77,93,18,12.5,Slight rain,,ukwa mine
23-09-2026,22.4,29,24.3,936.7,61,91,92,20,20,Slight rain,,ukwa mine
24-09-2026,22.1,27,23.3,933.7,63,99,95,13,23.4,Moderate rain,,ukwa mine
25-09-2026,21.3,24.4,22.4,929.8,65,100,98,346,26.1,Heavy rain,,ukwa mine
26-09-2026,19.5,24.7,21.3,934.8,63,98,92,270,24,Moderate rain,,ukwa mine
27-09-2026,20.1,27.7,23.5,940.4,53,22,84,267,12.1,Moderate drizzle,,ukwa mine
28-09-2026,21.2,29.4,24.4,941.9,1,7,76,300,10.2,Mainly clear,,ukwa mine
29-09-2026,20.1,28.6,24.2,943.6,51,6,74,329,9.4,Light drizzle,,ukwa mine
